<?xml version="1.0" encoding="UTF-8"?>
<kml xmlns="http://www.opengis.net/kml/2.2" xmlns:gx="http://www.google.com/kml/ext/2.2" xmlns:kml="http://www.opengis.net/kml/2.2" xmlns:atom="http://www.w3.org/2005/Atom">
<Document>
	<name>fazenda_kaiman_1-2025-12-11_08-10-39.json</name>
	<atom:link rel="app" href="https://www.google.com/earth/about/versions/#earth-pro" title="Google Earth Pro 7.3.6.10441"></atom:link>
	<Schema name="fazenda_kaiman_1_2025_12_11_08_10_39" id="J_fazenda_kaiman_1_2025_12_11_08_10_39_DSSDSSSS">
		<SimpleField type="double" name="area_hectares"><displayName>area_hectares</displayName>
</SimpleField>
		<SimpleField type="string" name="cropType"><displayName>cropType</displayName>
</SimpleField>
		<SimpleField type="string" name="fillColour"><displayName>fillColour</displayName>
</SimpleField>
		<SimpleField type="double" name="grazableArea_hectares"><displayName>grazableArea_hectares</displayName>
</SimpleField>
		<SimpleField type="string" name="pastureState"><displayName>pastureState</displayName>
</SimpleField>
		<SimpleField type="string" name="title"><displayName>title</displayName>
</SimpleField>
		<SimpleField type="string" name="type"><displayName>type</displayName>
</SimpleField>
		<SimpleField type="string" name="vegetation"><displayName>vegetation</displayName>
</SimpleField>
	</Schema>
	<Style id="fazenda_kaiman_1_2025_12_11_08_10_39_style">
		<BalloonStyle>
			<text><![CDATA[<table border="0">
  <tr><td><b>$[fazenda_kaiman_1_2025_12_11_08_10_39/area_hectares/displayName]</b></td><td>$[fazenda_kaiman_1_2025_12_11_08_10_39/area_hectares]</td></tr>
  <tr><td><b>$[fazenda_kaiman_1_2025_12_11_08_10_39/cropType/displayName]</b></td><td>$[fazenda_kaiman_1_2025_12_11_08_10_39/cropType]</td></tr>
  <tr><td><b>$[fazenda_kaiman_1_2025_12_11_08_10_39/fillColour/displayName]</b></td><td>$[fazenda_kaiman_1_2025_12_11_08_10_39/fillColour]</td></tr>
  <tr><td><b>$[fazenda_kaiman_1_2025_12_11_08_10_39/grazableArea_hectares/displayName]</b></td><td>$[fazenda_kaiman_1_2025_12_11_08_10_39/grazableArea_hectares]</td></tr>
  <tr><td><b>$[fazenda_kaiman_1_2025_12_11_08_10_39/pastureState/displayName]</b></td><td>$[fazenda_kaiman_1_2025_12_11_08_10_39/pastureState]</td></tr>
  <tr><td><b>$[fazenda_kaiman_1_2025_12_11_08_10_39/title/displayName]</b></td><td>$[fazenda_kaiman_1_2025_12_11_08_10_39/title]</td></tr>
  <tr><td><b>$[fazenda_kaiman_1_2025_12_11_08_10_39/type/displayName]</b></td><td>$[fazenda_kaiman_1_2025_12_11_08_10_39/type]</td></tr>
  <tr><td><b>$[fazenda_kaiman_1_2025_12_11_08_10_39/vegetation/displayName]</b></td><td>$[fazenda_kaiman_1_2025_12_11_08_10_39/vegetation]</td></tr>
</table>
$[description]]]></text>
		</BalloonStyle>
	</Style>
	<Placemark>
		<name>00137439-8494-4d86-9d26-362d13a9d969</name>
		<styleUrl>#fazenda_kaiman_1_2025_12_11_08_10_39_style</styleUrl>
		<Region>
			<LatLonAltBox>
				<north>-14.524427</north>
				<south>-14.532213</south>
				<east>-60.180793</east>
				<west>-60.18711</west>
				<minAltitude>0</minAltitude>
				<maxAltitude>0</maxAltitude>
			</LatLonAltBox>
		</Region>
		<ExtendedData>
			<SchemaData schemaUrl="#J_fazenda_kaiman_1_2025_12_11_08_10_39_DSSDSSSS">
				<SimpleData name="area_hectares">30.31</SimpleData>
				<SimpleData name="cropType">Braquiária</SimpleData>
				<SimpleData name="fillColour">#31a6c5</SimpleData>
				<SimpleData name="grazableArea_hectares">30.31</SimpleData>
				<SimpleData name="pastureState">Grazing</SimpleData>
				<SimpleData name="title">MT - Pasto 06 A</SimpleData>
				<SimpleData name="type">paddock</SimpleData>
				<SimpleData name="vegetation"></SimpleData>
			</SchemaData>
		</ExtendedData>
		<Polygon>
			<tessellate>1</tessellate>
			<outerBoundaryIs>
				<LinearRing>
					<coordinates>
						-60.18414600000001,-14.532213,0 -60.180793,-14.531371,0 -60.182459,-14.525,0 -60.182582,-14.524668,0 -60.18266799999999,-14.524494,0 -60.182716,-14.524427,0 -60.185287,-14.525133,0 -60.18610999999999,-14.525351,0 -60.186938,-14.525561,0 -60.18711,-14.525602,0 -60.18705799999999,-14.525638,0 -60.18671999999999,-14.525853,0 -60.186618,-14.525843,0 -60.185865,-14.525761,0 -60.185826,-14.525906,0 -60.18414600000001,-14.532213,0 
					</coordinates>
				</LinearRing>
			</outerBoundaryIs>
		</Polygon>
	</Placemark>
	<Placemark>
		<name>021f85d3-0091-4df3-956d-60f2b3b6e1cd</name>
		<styleUrl>#fazenda_kaiman_1_2025_12_11_08_10_39_style</styleUrl>
		<Region>
			<LatLonAltBox>
				<north>-14.534609</north>
				<south>-14.540415</south>
				<east>-60.179159</east>
				<west>-60.189434</west>
				<minAltitude>0</minAltitude>
				<maxAltitude>0</maxAltitude>
			</LatLonAltBox>
		</Region>
		<ExtendedData>
			<SchemaData schemaUrl="#J_fazenda_kaiman_1_2025_12_11_08_10_39_DSSDSSSS">
				<SimpleData name="area_hectares">37.24</SimpleData>
				<SimpleData name="cropType">Braquiária</SimpleData>
				<SimpleData name="fillColour">#31a6c5</SimpleData>
				<SimpleData name="grazableArea_hectares">37.24</SimpleData>
				<SimpleData name="pastureState">Grazing</SimpleData>
				<SimpleData name="title">MT - Pasto 07 A</SimpleData>
				<SimpleData name="type">paddock</SimpleData>
				<SimpleData name="vegetation"></SimpleData>
			</SchemaData>
		</ExtendedData>
		<Polygon>
			<tessellate>1</tessellate>
			<outerBoundaryIs>
				<LinearRing>
					<coordinates>
						-60.179928,-14.534609,0 -60.179159,-14.537551,0 -60.17925,-14.537601,0 -60.17972900000001,-14.537749,0 -60.188097,-14.540415,0 -60.18816199999999,-14.540218,0 -60.188226,-14.539979,0 -60.188194,-14.539797,0 -60.188001,-14.539283,0 -60.18813999999999,-14.539102,0 -60.18841500000001,-14.538985,0 -60.188748,-14.538767,0 -60.188973,-14.5387,0 -60.18909599999999,-14.538559,0 -60.18907500000001,-14.538185,0 -60.189198,-14.538004,0 -60.189348,-14.537858,0 -60.189418,-14.53764,0 -60.18943399999999,-14.537375,0 -60.18943,-14.537218,0 -60.182065,-14.535196,0 -60.179928,-14.534609,0 
					</coordinates>
				</LinearRing>
			</outerBoundaryIs>
		</Polygon>
	</Placemark>
	<Placemark>
		<name>06fed7be-9736-4a1f-93fb-e481cb663ac7</name>
		<styleUrl>#fazenda_kaiman_1_2025_12_11_08_10_39_style</styleUrl>
		<Region>
			<LatLonAltBox>
				<north>-14.475405</north>
				<south>-14.481321</south>
				<east>-60.197289</east>
				<west>-60.204189</west>
				<minAltitude>0</minAltitude>
				<maxAltitude>0</maxAltitude>
			</LatLonAltBox>
		</Region>
		<ExtendedData>
			<SchemaData schemaUrl="#J_fazenda_kaiman_1_2025_12_11_08_10_39_DSSDSSSS">
				<SimpleData name="area_hectares">14.44</SimpleData>
				<SimpleData name="cropType">Braquiária</SimpleData>
				<SimpleData name="fillColour">#efcb19</SimpleData>
				<SimpleData name="grazableArea_hectares">14.44</SimpleData>
				<SimpleData name="pastureState">Grazing</SimpleData>
				<SimpleData name="title">KM - Pasto 09 A</SimpleData>
				<SimpleData name="type">paddock</SimpleData>
				<SimpleData name="vegetation"></SimpleData>
			</SchemaData>
		</ExtendedData>
		<Polygon>
			<tessellate>1</tessellate>
			<outerBoundaryIs>
				<LinearRing>
					<coordinates>
						-60.203529,-14.475405,0 -60.204122,-14.476076,0 -60.20418899999999,-14.476151,0 -60.204146,-14.476227,0 -60.204001,-14.476484,0 -60.20395000000001,-14.476602,0 -60.20392499999999,-14.476661,0 -60.203893,-14.476736,0 -60.20387299999999,-14.476782,0 -60.203837,-14.476866,0 -60.203792,-14.476972,0 -60.203751,-14.477068,0 -60.20371100000001,-14.477162,0 -60.203674,-14.477247,0 -60.20360400000001,-14.477411,0 -60.203543,-14.477553,0 -60.203463,-14.47774,0 -60.203388,-14.477916,0 -60.203301,-14.478119,0 -60.203249,-14.478242,0 -60.20313,-14.478519,0 -60.202992,-14.478842,0 -60.202921,-14.479008,0 -60.202885,-14.479091,0 -60.202754,-14.479064,0 -60.201998,-14.478899,0 -60.202034,-14.47882,0 -60.201859,-14.478742,0 -60.201749,-14.478867,0 -60.20173100000001,-14.478963,0 -60.20164800000001,-14.47902,0 -60.201605,-14.478947,0 -60.20158,-14.478849,0 -60.20154,-14.478714,0 -60.201465,-14.478612,0 -60.201334,-14.47863,0 -60.201336,-14.47874,0 -60.201358,-14.478893,0 -60.201293,-14.478971,0 -60.201205,-14.479134,0 -60.201205,-14.479241,0 -60.201253,-14.479334,0 -60.201232,-14.479532,0 -60.201259,-14.479685,0 -60.20129599999999,-14.479789,0 -60.20109299999999,-14.480033,0 -60.20100999999999,-14.480136,0 -60.20087900000001,-14.480425,0 -60.200806,-14.480586,0 -60.200586,-14.480809,0 -60.200514,-14.480941,0 -60.20042300000001,-14.481051,0 -60.200251,-14.481175,0 -60.20005999999999,-14.481284,0 -60.19997499999999,-14.481321,0 -60.19988099999999,-14.481235,0 -60.199747,-14.481069,0 -60.19971700000001,-14.480949,0 -60.199693,-14.480825,0 -60.199543,-14.480729,0 -60.199336,-14.480731,0 -60.199248,-14.480806,0 -60.19915100000001,-14.480819,0 -60.198988,-14.480674,0 -60.198907,-14.480614,0 -60.198714,-14.480438,0 -60.19859599999999,-14.480318,0 -60.19883999999999,-14.480238,0 -60.199031,-14.480152,0 -60.19926899999999,-14.480048,0 -60.199505,-14.479905,0 -60.19988200000001,-14.479436,0 -60.200008,-14.479114,0 -60.20009900000001,-14.478849,0 -60.200177,-14.47873,0 -60.200164,-14.478678,0 -60.200078,-14.478644,0 -60.199949,-14.47867,0 -60.19979599999999,-14.478577,0 -60.199606,-14.478499,0 -60.199423,-14.478434,0 -60.199249,-14.478408,0 -60.199032,-14.478504,0 -60.19873100000001,-14.478634,0 -60.198482,-14.478821,0 -60.19828600000001,-14.478998,0 -60.19816500000001,-14.479164,0 -60.197945,-14.479436,0 -60.197779,-14.479708,0 -60.19781900000001,-14.479836,0 -60.197924,-14.479903,0 -60.19818100000001,-14.479929,0 -60.198187,-14.480005,0 -60.198152,-14.480137,0 -60.19797199999999,-14.480288,0 -60.197353,-14.480394,0 -60.197289,-14.48022,0 -60.19732599999999,-14.479885,0 -60.19732599999999,-14.479807,0 -60.19742300000001,-14.479711,0 -60.197715,-14.479241,0 -60.19788200000001,-14.478994,0 -60.19807200000001,-14.47872,0 -60.198326,-14.478494,0 -60.198345,-14.478307,0 -60.19853000000001,-14.478014,0 -60.198675,-14.477817,0 -60.198922,-14.477718,0 -60.199061,-14.477541,0 -60.199093,-14.477214,0 -60.199249,-14.476918,0 -60.199517,-14.476893,0 -60.19978,-14.476919,0 -60.200048,-14.476737,0 -60.20034900000001,-14.476628,0 -60.200606,-14.476717,0 -60.200998,-14.476867,0 -60.201277,-14.476971,0 -60.20149099999999,-14.477096,0 -60.20158800000001,-14.477387,0 -60.201663,-14.47761,0 -60.201652,-14.477792,0 -60.201572,-14.477902,0 -60.201641,-14.477996,0 -60.201749,-14.478031,0 -60.201843,-14.478023,0 -60.201964,-14.47794,0 -60.202075,-14.477881,0 -60.202241,-14.477905,0 -60.202303,-14.477946,0 -60.202402,-14.478024,0 -60.20248,-14.478133,0 -60.20258200000001,-14.478045,0 -60.20266,-14.477923,0 -60.202649,-14.477829,0 -60.202679,-14.477749,0 -60.202767,-14.47766,0 -60.20292000000001,-14.47758,0 -60.20303499999999,-14.477466,0 -60.203105,-14.47735,0 -60.203163,-14.47725,0 -60.203265,-14.477164,0 -60.203311,-14.477055,0 -60.203402,-14.476951,0 -60.203457,-14.476834,0 -60.20354100000001,-14.476811,0 -60.20363,-14.47677,0 -60.20365899999999,-14.476682,0 -60.20372,-14.476594,0 -60.203827,-14.476451,0 -60.203886,-14.476353,0 -60.203938,-14.476272,0 -60.20391399999999,-14.476213,0 -60.203764,-14.475968,0 -60.203429,-14.475497,0 -60.203529,-14.475405,0 
					</coordinates>
				</LinearRing>
			</outerBoundaryIs>
		</Polygon>
	</Placemark>
	<Placemark>
		<name>0bb5a2c3-c066-429a-b892-ac4afceaa6f1</name>
		<styleUrl>#fazenda_kaiman_1_2025_12_11_08_10_39_style</styleUrl>
		<Region>
			<LatLonAltBox>
				<north>-14.496773</north>
				<south>-14.500964</south>
				<east>-60.208536</east>
				<west>-60.214172</west>
				<minAltitude>0</minAltitude>
				<maxAltitude>0</maxAltitude>
			</LatLonAltBox>
		</Region>
		<ExtendedData>
			<SchemaData schemaUrl="#J_fazenda_kaiman_1_2025_12_11_08_10_39_DSSDSSSS">
				<SimpleData name="area_hectares">15.71</SimpleData>
				<SimpleData name="cropType">Braquiária</SimpleData>
				<SimpleData name="fillColour">#efcb19</SimpleData>
				<SimpleData name="grazableArea_hectares">15.71</SimpleData>
				<SimpleData name="pastureState">Grazing</SimpleData>
				<SimpleData name="title">KM - Pasto 14 C</SimpleData>
				<SimpleData name="type">paddock</SimpleData>
				<SimpleData name="vegetation"></SimpleData>
			</SchemaData>
		</ExtendedData>
		<Polygon>
			<tessellate>1</tessellate>
			<outerBoundaryIs>
				<LinearRing>
					<coordinates>
						-60.209268,-14.496773,0 -60.208536,-14.499413,0 -60.208649,-14.499161,0 -60.20881000000001,-14.499002,0 -60.20896,-14.498919,0 -60.209105,-14.49893,0 -60.209327,-14.498956,0 -60.209443,-14.499,0 -60.209614,-14.499026,0 -60.209676,-14.499127,0 -60.20967300000001,-14.499231,0 -60.20957400000001,-14.499254,0 -60.209445,-14.499208,0 -60.209386,-14.499301,0 -60.20945300000001,-14.499392,0 -60.209531,-14.499506,0 -60.209528,-14.499626,0 -60.209555,-14.499714,0 -60.209649,-14.499802,0 -60.209725,-14.499933,0 -60.209878,-14.500024,0 -60.21008999999999,-14.500209,0 -60.210371,-14.500395,0 -60.210398,-14.500458,0 -60.210728,-14.500393,0 -60.211184,-14.50031,0 -60.21144700000001,-14.500419,0 -60.211699,-14.500403,0 -60.212048,-14.500538,0 -60.212176,-14.500668,0 -60.212396,-14.500824,0 -60.212638,-14.500964,0 -60.214172,-14.498317,0 -60.209268,-14.496773,0 
					</coordinates>
				</LinearRing>
			</outerBoundaryIs>
		</Polygon>
	</Placemark>
	<Placemark>
		<name>0c1d4243-0437-467e-99b6-95efd46ee7d1</name>
		<styleUrl>#fazenda_kaiman_1_2025_12_11_08_10_39_style</styleUrl>
		<Region>
			<LatLonAltBox>
				<north>-14.50463</north>
				<south>-14.514227</south>
				<east>-60.218997</east>
				<west>-60.226098</west>
				<minAltitude>0</minAltitude>
				<maxAltitude>0</maxAltitude>
			</LatLonAltBox>
		</Region>
		<ExtendedData>
			<SchemaData schemaUrl="#J_fazenda_kaiman_1_2025_12_11_08_10_39_DSSDSSSS">
				<SimpleData name="area_hectares">40.65</SimpleData>
				<SimpleData name="cropType">Braquiária</SimpleData>
				<SimpleData name="fillColour">#efcb19</SimpleData>
				<SimpleData name="grazableArea_hectares">40.65</SimpleData>
				<SimpleData name="pastureState">Grazing</SimpleData>
				<SimpleData name="title">KM - Pasto 26</SimpleData>
				<SimpleData name="type">paddock</SimpleData>
				<SimpleData name="vegetation"></SimpleData>
			</SchemaData>
		</ExtendedData>
		<Polygon>
			<tessellate>1</tessellate>
			<outerBoundaryIs>
				<LinearRing>
					<coordinates>
						-60.226098,-14.50643,0 -60.218997,-14.50463,0 -60.21927100000001,-14.505165,0 -60.219341,-14.505523,0 -60.219523,-14.505939,0 -60.219841,-14.506752,0 -60.22013100000001,-14.506924,0 -60.22031,-14.50697,0 -60.220624,-14.507142,0 -60.22067200000001,-14.507334,0 -60.22070699999999,-14.507472,0 -60.220786,-14.507631,0 -60.22059800000001,-14.507763,0 -60.22028699999999,-14.507908,0 -60.220193,-14.50801,0 -60.22016599999999,-14.508119,0 -60.220327,-14.508212,0 -60.22027599999999,-14.508391,0 -60.22010299999999,-14.508458,0 -60.219926,-14.508466,0 -60.21966099999999,-14.50851,0 -60.2195,-14.508507,0 -60.21947,-14.508603,0 -60.219484,-14.508764,0 -60.21942500000001,-14.50891,0 -60.21911099999999,-14.509112,0 -60.219033,-14.509203,0 -60.21912199999999,-14.509235,0 -60.21923199999999,-14.50928,0 -60.219302,-14.509312,0 -60.21938,-14.509314,0 -60.219585,-14.509197,0 -60.219676,-14.509131,0 -60.21971600000001,-14.509048,0 -60.21974599999999,-14.508945,0 -60.21980700000001,-14.508867,0 -60.219912,-14.508827,0 -60.22000999999999,-14.508745,0 -60.220045,-14.508639,0 -60.220293,-14.508536,0 -60.220346,-14.508563,0 -60.220387,-14.508652,0 -60.220418,-14.508741,0 -60.220449,-14.508872,0 -60.220461,-14.508973,0 -60.220484,-14.509088,0 -60.220585,-14.509151,0 -60.220684,-14.509189,0 -60.220752,-14.509302,0 -60.220795,-14.509428,0 -60.22084000000001,-14.509551,0 -60.220837,-14.509733,0 -60.22087800000001,-14.509798,0 -60.220858,-14.509854,0 -60.22077899999999,-14.509917,0 -60.220749,-14.509978,0 -60.220734,-14.51006,0 -60.220764,-14.510169,0 -60.22075,-14.510246,0 -60.220675,-14.510356,0 -60.220691,-14.51045,0 -60.220756,-14.51052,0 -60.220862,-14.510594,0 -60.220933,-14.510676,0 -60.221037,-14.510813,0 -60.22115300000001,-14.51097,0 -60.22118600000001,-14.511029,0 -60.221248,-14.511194,0 -60.221287,-14.511269,0 -60.22135900000001,-14.511416,0 -60.221421,-14.511511,0 -60.221395,-14.511621,0 -60.22138100000001,-14.511747,0 -60.22140199999999,-14.511857,0 -60.221347,-14.511935,0 -60.221267,-14.511996,0 -60.22118900000001,-14.512102,0 -60.22113900000001,-14.512146,0 -60.221131,-14.512198,0 -60.221209,-14.512222,0 -60.221266,-14.512209,0 -60.221324,-14.5121,0 -60.22139,-14.51205,0 -60.221482,-14.512109,0 -60.22152,-14.512161,0 -60.221588,-14.512163,0 -60.221745,-14.512186,0 -60.221777,-14.512252,0 -60.221797,-14.512322,0 -60.22185,-14.51237,0 -60.221918,-14.512395,0 -60.221975,-14.512454,0 -60.222056,-14.512472,0 -60.222115,-14.512501,0 -60.222154,-14.512582,0 -60.222174,-14.512669,0 -60.222215,-14.512743,0 -60.22229799999999,-14.512864,0 -60.222437,-14.513085,0 -60.222394,-14.51323,0 -60.222309,-14.513381,0 -60.22233,-14.513536,0 -60.222325,-14.513677,0 -60.222319,-14.513817,0 -60.222341,-14.513926,0 -60.222432,-14.514056,0 -60.222582,-14.514175,0 -60.222791,-14.514227,0 -60.22299,-14.514149,0 -60.223011,-14.513988,0 -60.223011,-14.513817,0 -60.222936,-14.51362,0 -60.222765,-14.513422,0 -60.222684,-14.513163,0 -60.222571,-14.512918,0 -60.222502,-14.512669,0 -60.22232600000001,-14.512404,0 -60.222273,-14.512191,0 -60.22221900000001,-14.512014,0 -60.222294,-14.511936,0 -60.22249299999999,-14.511993,0 -60.222621,-14.512097,0 -60.222857,-14.512019,0 -60.223088,-14.512009,0 -60.223222,-14.512222,0 -60.223346,-14.512367,0 -60.223453,-14.512482,0 -60.223657,-14.512508,0 -60.223898,-14.51243,0 -60.224118,-14.512466,0 -60.22419,-14.512516,0 -60.22430599999999,-14.512544,0 -60.224418,-14.512587,0 -60.22453,-14.512574,0 -60.224585,-14.512476,0 -60.22474799999999,-14.511732,0 -60.224896,-14.511057,0 -60.225197,-14.509823,0 -60.22540000000001,-14.508855,0 -60.22563799999999,-14.50793,0 -60.225977,-14.506866,0 -60.226098,-14.50643,0 
					</coordinates>
				</LinearRing>
			</outerBoundaryIs>
		</Polygon>
	</Placemark>
	<Placemark>
		<name>10542a7c-4fd5-465a-940e-877799169739</name>
		<styleUrl>#fazenda_kaiman_1_2025_12_11_08_10_39_style</styleUrl>
		<Region>
			<LatLonAltBox>
				<north>-14.521848</north>
				<south>-14.535628</south>
				<east>-60.208648</east>
				<west>-60.218328</west>
				<minAltitude>0</minAltitude>
				<maxAltitude>0</maxAltitude>
			</LatLonAltBox>
		</Region>
		<ExtendedData>
			<SchemaData schemaUrl="#J_fazenda_kaiman_1_2025_12_11_08_10_39_DSSDSSSS">
				<SimpleData name="area_hectares">81.13</SimpleData>
				<SimpleData name="cropType">Braquiária</SimpleData>
				<SimpleData name="fillColour">#efcb19</SimpleData>
				<SimpleData name="grazableArea_hectares">81.13</SimpleData>
				<SimpleData name="pastureState">Grazing</SimpleData>
				<SimpleData name="title">KM - Pasto 22/22 A</SimpleData>
				<SimpleData name="type">paddock</SimpleData>
				<SimpleData name="vegetation"></SimpleData>
			</SchemaData>
		</ExtendedData>
		<Polygon>
			<tessellate>1</tessellate>
			<outerBoundaryIs>
				<LinearRing>
					<coordinates>
						-60.214803,-14.534429,0 -60.21427599999999,-14.534686,0 -60.2144,-14.535165,0 -60.21441899999999,-14.535213,0 -60.21436099999999,-14.535198,0 -60.214325,-14.535167,0 -60.214264,-14.535147,0 -60.214218,-14.535186,0 -60.214226,-14.535246,0 -60.214245,-14.535305,0 -60.214268,-14.535337,0 -60.214327,-14.535351,0 -60.214365,-14.53537,0 -60.214352,-14.535408,0 -60.21428,-14.535429,0 -60.214225,-14.535447,0 -60.214164,-14.535497,0 -60.214164,-14.535544,0 -60.214136,-14.535584,0 -60.214068,-14.535628,0 -60.214009,-14.535614,0 -60.21401300000001,-14.53557,0 -60.21404900000001,-14.535477,0 -60.21402700000001,-14.535422,0 -60.21399899999999,-14.535389,0 -60.213923,-14.535385,0 -60.21388099999999,-14.535348,0 -60.213857,-14.535274,0 -60.213789,-14.535158,0 -60.213764,-14.535027,0 -60.21287600000001,-14.53195,0 -60.21288599999999,-14.5319,0 -60.208648,-14.530869,0 -60.21132900000001,-14.521848,0 -60.218328,-14.523491,0 -60.214753,-14.532358,0 -60.214803,-14.534429,0 
					</coordinates>
				</LinearRing>
			</outerBoundaryIs>
		</Polygon>
	</Placemark>
	<Placemark>
		<name>108f1f1c-32cb-4514-911b-70916c031246</name>
		<styleUrl>#fazenda_kaiman_1_2025_12_11_08_10_39_style</styleUrl>
		<Region>
			<LatLonAltBox>
				<north>-14.531371</north>
				<south>-14.537218</south>
				<east>-60.179928</east>
				<west>-60.189971</west>
				<minAltitude>0</minAltitude>
				<maxAltitude>0</maxAltitude>
			</LatLonAltBox>
		</Region>
		<ExtendedData>
			<SchemaData schemaUrl="#J_fazenda_kaiman_1_2025_12_11_08_10_39_DSSDSSSS">
				<SimpleData name="area_hectares">40.13</SimpleData>
				<SimpleData name="cropType">Braquiária</SimpleData>
				<SimpleData name="fillColour">#31a6c5</SimpleData>
				<SimpleData name="grazableArea_hectares">40.13</SimpleData>
				<SimpleData name="pastureState">Grazing</SimpleData>
				<SimpleData name="title">MT - Pasto 07</SimpleData>
				<SimpleData name="type">paddock</SimpleData>
				<SimpleData name="vegetation"></SimpleData>
			</SchemaData>
		</ExtendedData>
		<Polygon>
			<tessellate>1</tessellate>
			<outerBoundaryIs>
				<LinearRing>
					<coordinates>
						-60.180793,-14.531371,0 -60.179928,-14.534609,0 -60.18943,-14.537218,0 -60.189419,-14.53687,0 -60.18950299999999,-14.536717,0 -60.189453,-14.536483,0 -60.189273,-14.536184,0 -60.189407,-14.535965,0 -60.18948,-14.535736,0 -60.18962399999999,-14.535718,0 -60.189793,-14.535695,0 -60.18984400000001,-14.535555,0 -60.18991199999999,-14.535377,0 -60.18994499999999,-14.535151,0 -60.18993699999999,-14.534985,0 -60.189896,-14.534837,0 -60.18988800000001,-14.53474,0 -60.189971,-14.534579,0 -60.189952,-14.53441,0 -60.18988800000001,-14.534194,0 -60.189858,-14.53402,0 -60.189893,-14.533909,0 -60.189858,-14.533844,0 -60.1898,-14.533601,0 -60.18871500000001,-14.533335,0 -60.184147,-14.532213,0 -60.183853,-14.53214,0 -60.180793,-14.531371,0 
					</coordinates>
				</LinearRing>
			</outerBoundaryIs>
		</Polygon>
	</Placemark>
	<Placemark>
		<name>16c02957-86ec-4f10-a83f-5ede62a22fe8</name>
		<styleUrl>#fazenda_kaiman_1_2025_12_11_08_10_39_style</styleUrl>
		<Region>
			<LatLonAltBox>
				<north>-14.478899</north>
				<south>-14.483579</south>
				<east>-60.19982</east>
				<west>-60.206302</west>
				<minAltitude>0</minAltitude>
				<maxAltitude>0</maxAltitude>
			</LatLonAltBox>
		</Region>
		<ExtendedData>
			<SchemaData schemaUrl="#J_fazenda_kaiman_1_2025_12_11_08_10_39_DSSDSSSS">
				<SimpleData name="area_hectares">20.7976627299</SimpleData>
				<SimpleData name="cropType">Braquiária</SimpleData>
				<SimpleData name="fillColour">#efcb19</SimpleData>
				<SimpleData name="grazableArea_hectares">20.7976627299</SimpleData>
				<SimpleData name="pastureState">Grazing</SimpleData>
				<SimpleData name="title">KM - Pasto 09</SimpleData>
				<SimpleData name="type">paddock</SimpleData>
				<SimpleData name="vegetation"></SimpleData>
			</SchemaData>
		</ExtendedData>
		<Polygon>
			<tessellate>1</tessellate>
			<outerBoundaryIs>
				<LinearRing>
					<coordinates>
						-60.203754,-14.483254,0 -60.205264,-14.483579,0 -60.205353,-14.483467,0 -60.20630200000001,-14.479837,0 -60.201998,-14.478899,0 -60.201977,-14.478934,0 -60.201998,-14.479023,0 -60.20200499999999,-14.47909,0 -60.201977,-14.479107,0 -60.201949,-14.47922,0 -60.201915,-14.47936,0 -60.201908,-14.479403,0 -60.201915,-14.479479,0 -60.20188,-14.479568,0 -60.201841,-14.479662,0 -60.20183800000001,-14.479736,0 -60.201798,-14.479827,0 -60.2017,-14.479944,0 -60.201592,-14.479997,0 -60.201494,-14.479996,0 -60.201401,-14.479946,0 -60.201358,-14.479893,0 -60.20130699999999,-14.479857,0 -60.201186,-14.479924,0 -60.20109299999999,-14.480033,0 -60.201519,-14.48028,0 -60.201484,-14.480355,0 -60.20140599999999,-14.480451,0 -60.201425,-14.480563,0 -60.201447,-14.480773,0 -60.201481,-14.480906,0 -60.201522,-14.481046,0 -60.20149,-14.481163,0 -60.20140599999999,-14.481321,0 -60.20128600000001,-14.481531,0 -60.201086,-14.481731,0 -60.201051,-14.481827,0 -60.200909,-14.481954,0 -60.200534,-14.482115,0 -60.20026599999999,-14.482289,0 -60.200048,-14.482357,0 -60.19982,-14.482403,0 -60.201498,-14.482179,0 -60.201451,-14.482087,0 -60.201481,-14.482011,0 -60.201558,-14.481967,0 -60.201654,-14.482062,0 -60.201707,-14.481982,0 -60.20163399999999,-14.481938,0 -60.201551,-14.481886,0 -60.201468,-14.481831,0 -60.201423,-14.481767,0 -60.201476,-14.481704,0 -60.201551,-14.481642,0 -60.201675,-14.48159,0 -60.201787,-14.481564,0 -60.201846,-14.481629,0 -60.20183,-14.481707,0 -60.201785,-14.481767,0 -60.201771,-14.481834,0 -60.201836,-14.481878,0 -60.201803,-14.481928,0 -60.201779,-14.482083,0 -60.201825,-14.482031,0 -60.20189499999999,-14.481964,0 -60.201999,-14.481956,0 -60.202152,-14.482013,0 -60.202257,-14.48207,0 -60.202281,-14.482117,0 -60.202382,-14.482174,0 -60.202457,-14.482174,0 -60.202524,-14.482201,0 -60.202578,-14.482243,0 -60.202679,-14.482323,0 -60.202701,-14.482379,0 -60.20266500000001,-14.482409,0 -60.20260399999999,-14.482396,0 -60.20253199999999,-14.482343,0 -60.202455,-14.4823,0 -60.202364,-14.482262,0 -60.202322,-14.482245,0 -60.202296,-14.482305,0 -60.20218400000001,-14.482343,0 -60.20216,-14.482318,0 -60.202039,-14.482273,0 -60.201984,-14.482257,0 -60.201925,-14.482219,0 -60.20185,-14.482124,0 -60.201781,-14.482084,0 -60.201789,-14.482007,0 -60.201801,-14.481927,0 -60.201704,-14.481982,0 -60.201653,-14.482062,0 -60.201644,-14.482129,0 -60.201606,-14.482171,0 -60.20157400000001,-14.482191,0 -60.201498,-14.482178,0 -60.20065899999999,-14.482289,0 -60.19982,-14.482403,0 -60.20176299999999,-14.48281,0 -60.201694,-14.482653,0 -60.20163,-14.482449,0 -60.20165900000001,-14.482306,0 -60.201691,-14.482241,0 -60.201732,-14.48224,0 -60.20179100000001,-14.482309,0 -60.201829,-14.482418,0 -60.20190899999999,-14.482498,0 -60.20197999999999,-14.482615,0 -60.20197000000001,-14.482742,0 -60.201867,-14.482791,0 -60.20176299999999,-14.48281,0 -60.203754,-14.483254,0 
					</coordinates>
				</LinearRing>
			</outerBoundaryIs>
		</Polygon>
	</Placemark>
	<Placemark>
		<name>1b30e649-b80f-4548-b9c2-3b6938251a4e</name>
		<styleUrl>#fazenda_kaiman_1_2025_12_11_08_10_39_style</styleUrl>
		<Region>
			<LatLonAltBox>
				<north>-14.528878</north>
				<south>-14.53347</south>
				<east>-60.199746</east>
				<west>-60.208094</west>
				<minAltitude>0</minAltitude>
				<maxAltitude>0</maxAltitude>
			</LatLonAltBox>
		</Region>
		<ExtendedData>
			<SchemaData schemaUrl="#J_fazenda_kaiman_1_2025_12_11_08_10_39_DSSDSSSS">
				<SimpleData name="area_hectares">26.55</SimpleData>
				<SimpleData name="cropType">Braquiária</SimpleData>
				<SimpleData name="fillColour">#31a6c5</SimpleData>
				<SimpleData name="grazableArea_hectares">26.55</SimpleData>
				<SimpleData name="pastureState">Grazing</SimpleData>
				<SimpleData name="title">MT - Pasto 01</SimpleData>
				<SimpleData name="type">paddock</SimpleData>
				<SimpleData name="vegetation"></SimpleData>
			</SchemaData>
		</ExtendedData>
		<Polygon>
			<tessellate>1</tessellate>
			<outerBoundaryIs>
				<LinearRing>
					<coordinates>
						-60.208094,-14.530732,0 -60.207552,-14.532484,0 -60.207457,-14.53243,0 -60.207291,-14.532435,0 -60.207173,-14.532573,0 -60.20717,-14.532721,0 -60.207216,-14.532897,0 -60.207312,-14.533324,0 -60.207344,-14.53347,0 -60.199746,-14.531664,0 -60.20049399999999,-14.528922,0 -60.200576,-14.528878,0 -60.206775,-14.530404,0 -60.208094,-14.530732,0 
					</coordinates>
				</LinearRing>
			</outerBoundaryIs>
		</Polygon>
	</Placemark>
	<Placemark>
		<name>1c1b8adf-f403-48ce-bc09-2c0fd33ca4ce</name>
		<styleUrl>#fazenda_kaiman_1_2025_12_11_08_10_39_style</styleUrl>
		<Region>
			<LatLonAltBox>
				<north>-14.524119</north>
				<south>-14.533179</south>
				<east>-60.217149</east>
				<west>-60.224103</west>
				<minAltitude>0</minAltitude>
				<maxAltitude>0</maxAltitude>
			</LatLonAltBox>
		</Region>
		<ExtendedData>
			<SchemaData schemaUrl="#J_fazenda_kaiman_1_2025_12_11_08_10_39_DSSDSSSS">
				<SimpleData name="area_hectares">36.17</SimpleData>
				<SimpleData name="cropType">Braquiária</SimpleData>
				<SimpleData name="fillColour">#efcb19</SimpleData>
				<SimpleData name="grazableArea_hectares">36.17</SimpleData>
				<SimpleData name="pastureState">Grazing</SimpleData>
				<SimpleData name="title">KM - Pasto 23 A</SimpleData>
				<SimpleData name="type">paddock</SimpleData>
				<SimpleData name="vegetation"></SimpleData>
			</SchemaData>
		</ExtendedData>
		<Polygon>
			<tessellate>1</tessellate>
			<outerBoundaryIs>
				<LinearRing>
					<coordinates>
						-60.221035,-14.524119,0 -60.223819,-14.524905,0 -60.223943,-14.525131,0 -60.223932,-14.525401,0 -60.223701,-14.525806,0 -60.223706,-14.526001,0 -60.223709,-14.526185,0 -60.223704,-14.526315,0 -60.223688,-14.526605,0 -60.22363900000001,-14.526756,0 -60.22355400000001,-14.526875,0 -60.22342200000001,-14.527065,0 -60.223291,-14.52727,0 -60.22318000000001,-14.527576,0 -60.223094,-14.527807,0 -60.22303500000001,-14.528025,0 -60.222915,-14.528152,0 -60.22287800000001,-14.528256,0 -60.222701,-14.528469,0 -60.222588,-14.528695,0 -60.22252899999999,-14.528908,0 -60.222442,-14.529215,0 -60.222404,-14.529485,0 -60.22238,-14.529698,0 -60.222385,-14.529973,0 -60.22242,-14.530173,0 -60.222669,-14.530354,0 -60.222948,-14.530333,0 -60.22314099999999,-14.530406,0 -60.223128,-14.530474,0 -60.22311899999999,-14.530496,0 -60.22308400000001,-14.530528,0 -60.222986,-14.530512,0 -60.222894,-14.530513,0 -60.222818,-14.530519,0 -60.222694,-14.530467,0 -60.222609,-14.53043,0 -60.222523,-14.53038,0 -60.22234000000001,-14.530389,0 -60.222216,-14.530402,0 -60.22212,-14.530404,0 -60.22205899999999,-14.530384,0 -60.222008,-14.530347,0 -60.221962,-14.530278,0 -60.221878,-14.530243,0 -60.221793,-14.530253,0 -60.22177,-14.530324,0 -60.22177400000001,-14.530401,0 -60.22183099999999,-14.530444,0 -60.22188,-14.530485,0 -60.221876,-14.530534,0 -60.221819,-14.530544,0 -60.221753,-14.53058,0 -60.221732,-14.530652,0 -60.22172599999999,-14.530731,0 -60.221722,-14.530852,0 -60.221769,-14.530929,0 -60.221849,-14.530929,0 -60.22196600000001,-14.53089,0 -60.222056,-14.530886,0 -60.222167,-14.530882,0 -60.2223,-14.530818,0 -60.222355,-14.530782,0 -60.222431,-14.530727,0 -60.222519,-14.530654,0 -60.222666,-14.530669,0 -60.222759,-14.530678,0 -60.222869,-14.530685,0 -60.22296600000001,-14.53066,0 -60.223057,-14.530637,0 -60.22315499999999,-14.530656,0 -60.223261,-14.530658,0 -60.22338400000001,-14.530676,0 -60.223516,-14.53069,0 -60.223649,-14.530681,0 -60.223808,-14.530647,0 -60.223918,-14.530606,0 -60.22400700000001,-14.530565,0 -60.22407799999999,-14.530558,0 -60.22409500000001,-14.530584,0 -60.22410300000001,-14.530612,0 -60.224075,-14.530642,0 -60.22401499999999,-14.530668,0 -60.223942,-14.530709,0 -60.22385100000001,-14.530778,0 -60.22377900000001,-14.530879,0 -60.223726,-14.530956,0 -60.223511,-14.530983,0 -60.223442,-14.531054,0 -60.22338100000001,-14.53112,0 -60.223328,-14.531125,0 -60.2233,-14.531106,0 -60.22323,-14.531082,0 -60.223171,-14.531081,0 -60.22311699999999,-14.531093,0 -60.22305100000001,-14.531118,0 -60.22299,-14.531094,0 -60.222956,-14.531042,0 -60.22289200000001,-14.530997,0 -60.222798,-14.530964,0 -60.22272,-14.530921,0 -60.22267500000001,-14.530894,0 -60.22254,-14.530928,0 -60.22244,-14.530944,0 -60.222347,-14.530961,0 -60.22224600000001,-14.530983,0 -60.22212300000001,-14.530983,0 -60.22202599999999,-14.530945,0 -60.221913,-14.530989,0 -60.22189500000001,-14.531013,0 -60.22184,-14.531013,0 -60.221784,-14.531006,0 -60.22171,-14.531048,0 -60.22164500000001,-14.531071,0 -60.221574,-14.531092,0 -60.22152,-14.531155,0 -60.221516,-14.53122,0 -60.221567,-14.531268,0 -60.221659,-14.531301,0 -60.22172399999999,-14.531325,0 -60.221818,-14.531366,0 -60.221867,-14.531407,0 -60.22188100000001,-14.531466,0 -60.221819,-14.531538,0 -60.221761,-14.531492,0 -60.221728,-14.531466,0 -60.22169,-14.531488,0 -60.221674,-14.531523,0 -60.22164200000001,-14.531572,0 -60.221587,-14.531566,0 -60.221553,-14.531516,0 -60.221541,-14.531477,0 -60.221464,-14.531447,0 -60.221435,-14.531412,0 -60.22140300000001,-14.531329,0 -60.22136399999999,-14.531287,0 -60.221288,-14.531261,0 -60.22117,-14.531266,0 -60.22110299999999,-14.531336,0 -60.221131,-14.531424,0 -60.22113900000001,-14.531521,0 -60.22112800000001,-14.531589,0 -60.22108100000001,-14.531632,0 -60.22094700000001,-14.531702,0 -60.220885,-14.531807,0 -60.220857,-14.531905,0 -60.220844,-14.531941,0 -60.220777,-14.531942,0 -60.220723,-14.531919,0 -60.22070699999999,-14.531959,0 -60.220659,-14.532024,0 -60.22058,-14.53208,0 -60.220512,-14.532189,0 -60.220428,-14.532289,0 -60.220296,-14.532388,0 -60.220182,-14.532413,0 -60.220112,-14.532378,0 -60.220032,-14.532366,0 -60.21990499999999,-14.532411,0 -60.2198,-14.53247,0 -60.219695,-14.53256,0 -60.219641,-14.532615,0 -60.219531,-14.532584,0 -60.219475,-14.53254,0 -60.219346,-14.532566,0 -60.219204,-14.532628,0 -60.219132,-14.532711,0 -60.21903999999999,-14.532802,0 -60.21897899999999,-14.532862,0 -60.218891,-14.532922,0 -60.218896,-14.533004,0 -60.218899,-14.533072,0 -60.218824,-14.533123,0 -60.21873799999999,-14.533179,0 -60.218277,-14.532808,0 -60.217149,-14.532724,0 -60.220827,-14.524579,0 -60.221035,-14.524119,0 
					</coordinates>
				</LinearRing>
			</outerBoundaryIs>
		</Polygon>
	</Placemark>
	<Placemark>
		<name>1d5e1afc-7ee2-46e4-9606-0d1f1e023043</name>
		<styleUrl>#fazenda_kaiman_1_2025_12_11_08_10_39_style</styleUrl>
		<Region>
			<LatLonAltBox>
				<north>-14.544222</north>
				<south>-14.55332</south>
				<east>-60.173215</east>
				<west>-60.181564</west>
				<minAltitude>0</minAltitude>
				<maxAltitude>0</maxAltitude>
			</LatLonAltBox>
		</Region>
		<ExtendedData>
			<SchemaData schemaUrl="#J_fazenda_kaiman_1_2025_12_11_08_10_39_DSSDSSSS">
				<SimpleData name="area_hectares">49.41</SimpleData>
				<SimpleData name="cropType">Braquiária</SimpleData>
				<SimpleData name="fillColour">#31a6c5</SimpleData>
				<SimpleData name="grazableArea_hectares">49.41</SimpleData>
				<SimpleData name="pastureState">Grazing</SimpleData>
				<SimpleData name="title">MT - Pasto 09</SimpleData>
				<SimpleData name="type">paddock</SimpleData>
				<SimpleData name="vegetation"></SimpleData>
			</SchemaData>
		</ExtendedData>
		<Polygon>
			<tessellate>1</tessellate>
			<outerBoundaryIs>
				<LinearRing>
					<coordinates>
						-60.176964,-14.544222,0 -60.173459,-14.552619,0 -60.17321499999999,-14.553108,0 -60.173499,-14.553276,0 -60.173697,-14.55332,0 -60.173976,-14.553266,0 -60.174089,-14.553162,0 -60.174293,-14.553019,0 -60.17443999999999,-14.552913,0 -60.175002,-14.552778,0 -60.17515800000001,-14.55278,0 -60.175284,-14.552843,0 -60.175372,-14.552928,0 -60.175514,-14.552952,0 -60.175643,-14.552923,0 -60.175788,-14.552858,0 -60.175991,-14.552817,0 -60.17616799999999,-14.552817,0 -60.176324,-14.552758,0 -60.176557,-14.552607,0 -60.176691,-14.552464,0 -60.176914,-14.552324,0 -60.177099,-14.552244,0 -60.17720899999999,-14.552041,0 -60.177361,-14.551923,0 -60.17759700000001,-14.551754,0 -60.177803,-14.55151,0 -60.177988,-14.551385,0 -60.178056,-14.55125,0 -60.178208,-14.551175,0 -60.17837200000001,-14.551235,0 -60.178479,-14.551289,0 -60.178584,-14.551289,0 -60.178718,-14.55116,0 -60.178892,-14.551136,0 -60.179008,-14.551118,0 -60.179096,-14.551079,0 -60.179236,-14.550992,0 -60.179421,-14.550976,0 -60.179692,-14.550706,0 -60.179737,-14.550597,0 -60.17981400000001,-14.550471,0 -60.18003899999999,-14.550411,0 -60.180093,-14.550341,0 -60.180176,-14.55023,0 -60.180409,-14.550102,0 -60.1806,-14.550053,0 -60.180656,-14.550005,0 -60.180721,-14.549886,0 -60.180895,-14.549393,0 -60.180933,-14.549273,0 -60.180939,-14.548994,0 -60.181022,-14.548719,0 -60.181022,-14.548488,0 -60.181022,-14.548379,0 -60.181042,-14.548214,0 -60.18117899999999,-14.548063,0 -60.18142,-14.547913,0 -60.181433,-14.547752,0 -60.181356,-14.547586,0 -60.18142,-14.547357,0 -60.181425,-14.547139,0 -60.181431,-14.54697,0 -60.181403,-14.546787,0 -60.18156400000001,-14.546639,0 -60.18156099999999,-14.546489,0 -60.181191,-14.546154,0 -60.18122,-14.546058,0 -60.181029,-14.54585,0 -60.180839,-14.545686,0 -60.180799,-14.545551,0 -60.180813,-14.545423,0 -60.179391,-14.544979,0 -60.17778400000001,-14.544478,0 -60.177193,-14.544293,0 -60.176964,-14.544222,0 
					</coordinates>
				</LinearRing>
			</outerBoundaryIs>
		</Polygon>
	</Placemark>
	<Placemark>
		<name>1ed97eac-fe7e-4e49-9a61-af1fd14c59b4</name>
		<styleUrl>#fazenda_kaiman_1_2025_12_11_08_10_39_style</styleUrl>
		<Region>
			<LatLonAltBox>
				<north>-14.488036</north>
				<south>-14.494488</south>
				<east>-60.207442</east>
				<west>-60.213093</west>
				<minAltitude>0</minAltitude>
				<maxAltitude>0</maxAltitude>
			</LatLonAltBox>
		</Region>
		<ExtendedData>
			<SchemaData schemaUrl="#J_fazenda_kaiman_1_2025_12_11_08_10_39_DSSDSSSS">
				<SimpleData name="area_hectares">24.3867717901</SimpleData>
				<SimpleData name="cropType">Braquiária</SimpleData>
				<SimpleData name="fillColour">#efcb19</SimpleData>
				<SimpleData name="grazableArea_hectares">24.3867717901</SimpleData>
				<SimpleData name="pastureState">Grazing</SimpleData>
				<SimpleData name="title">KM - Pasto 12 E</SimpleData>
				<SimpleData name="type">paddock</SimpleData>
				<SimpleData name="vegetation"></SimpleData>
			</SchemaData>
		</ExtendedData>
		<Polygon>
			<tessellate>1</tessellate>
			<outerBoundaryIs>
				<LinearRing>
					<coordinates>
						-60.212809,-14.494244,0 -60.212921,-14.494275,0 -60.213026,-14.494319,0 -60.213093,-14.494376,0 -60.213093,-14.494431,0 -60.213037,-14.494485,0 -60.212916,-14.494488,0 -60.212809,-14.494472,0 -60.212703,-14.494436,0 -60.212535,-14.494401,0 -60.21243100000001,-14.494375,0 -60.21005399999999,-14.493864,0 -60.210135,-14.493571,0 -60.210052,-14.493543,0 -60.209967,-14.493844,0 -60.20744200000001,-14.493306,0 -60.20811999999999,-14.490891,0 -60.209171,-14.488036,0 -60.211509,-14.488548,0 -60.21211699999999,-14.494049,0 -60.212809,-14.494244,0 
					</coordinates>
				</LinearRing>
			</outerBoundaryIs>
		</Polygon>
	</Placemark>
	<Placemark>
		<name>24481a96-4458-4efc-81ae-5e6640cff317</name>
		<styleUrl>#fazenda_kaiman_1_2025_12_11_08_10_39_style</styleUrl>
		<Region>
			<LatLonAltBox>
				<north>-14.469478</north>
				<south>-14.476857</south>
				<east>-60.207378</east>
				<west>-60.210974</west>
				<minAltitude>0</minAltitude>
				<maxAltitude>0</maxAltitude>
			</LatLonAltBox>
		</Region>
		<ExtendedData>
			<SchemaData schemaUrl="#J_fazenda_kaiman_1_2025_12_11_08_10_39_DSSDSSSS">
				<SimpleData name="area_hectares">15.9382458353</SimpleData>
				<SimpleData name="cropType">Braquiária</SimpleData>
				<SimpleData name="fillColour">#efcb19</SimpleData>
				<SimpleData name="grazableArea_hectares">15.9382458353</SimpleData>
				<SimpleData name="pastureState">Grazing</SimpleData>
				<SimpleData name="title">KM - Pasto 10 B</SimpleData>
				<SimpleData name="type">paddock</SimpleData>
				<SimpleData name="vegetation"></SimpleData>
			</SchemaData>
		</ExtendedData>
		<Polygon>
			<tessellate>1</tessellate>
			<outerBoundaryIs>
				<LinearRing>
					<coordinates>
						-60.210739,-14.476857,0 -60.20737799999999,-14.476081,0 -60.208075,-14.473404,0 -60.209074,-14.469478,0 -60.20913,-14.469566,0 -60.209187,-14.469668,0 -60.209346,-14.469995,0 -60.209544,-14.470497,0 -60.209624,-14.470564,0 -60.209718,-14.470594,0 -60.209793,-14.470643,0 -60.209788,-14.470738,0 -60.20975800000001,-14.470833,0 -60.209676,-14.470881,0 -60.20974099999999,-14.471338,0 -60.209536,-14.47151,0 -60.20947699999999,-14.471648,0 -60.209401,-14.47171,0 -60.20929900000001,-14.471694,0 -60.209234,-14.471642,0 -60.20907100000001,-14.471667,0 -60.208852,-14.471937,0 -60.208644,-14.472414,0 -60.208366,-14.472895,0 -60.208307,-14.473004,0 -60.208289,-14.47311,0 -60.20831800000001,-14.473145,0 -60.208364,-14.473175,0 -60.208445,-14.473167,0 -60.20851799999999,-14.473149,0 -60.208608,-14.473131,0 -60.208683,-14.473084,0 -60.20875699999999,-14.473035,0 -60.20884,-14.472975,0 -60.208888,-14.472924,0 -60.20893900000001,-14.47287,0 -60.208984,-14.47284,0 -60.209041,-14.472809,0 -60.209103,-14.472749,0 -60.20910700000001,-14.472695,0 -60.209138,-14.472656,0 -60.209185,-14.472631,0 -60.209236,-14.472627,0 -60.20929900000001,-14.472593,0 -60.209292,-14.472549,0 -60.20922800000001,-14.472548,0 -60.209229,-14.4725,0 -60.209279,-14.472453,0 -60.20935100000001,-14.472435,0 -60.209449,-14.472402,0 -60.209532,-14.472401,0 -60.209605,-14.472444,0 -60.20962300000001,-14.472511,0 -60.209656,-14.472609,0 -60.209677,-14.47268,0 -60.209724,-14.472718,0 -60.20977,-14.472772,0 -60.209842,-14.472788,0 -60.209929,-14.472814,0 -60.21001799999999,-14.472826,0 -60.21008699999999,-14.472802,0 -60.210201,-14.472861,0 -60.210297,-14.472906,0 -60.210385,-14.47294,0 -60.210448,-14.472952,0 -60.210523,-14.472985,0 -60.210608,-14.472997,0 -60.210685,-14.47302,0 -60.210756,-14.473043,0 -60.210768,-14.472993,0 -60.210792,-14.472964,0 -60.210842,-14.472975,0 -60.21086699999999,-14.473028,0 -60.210907,-14.47307,0 -60.210974,-14.473078,0 -60.210747,-14.47673,0 -60.210739,-14.476857,0 
					</coordinates>
				</LinearRing>
			</outerBoundaryIs>
		</Polygon>
	</Placemark>
	<Placemark>
		<name>25eacae0-70ea-4896-b648-be43c9401d18</name>
		<styleUrl>#fazenda_kaiman_1_2025_12_11_08_10_39_style</styleUrl>
		<Region>
			<LatLonAltBox>
				<north>-14.533664</north>
				<south>-14.539343</south>
				<east>-60.190398</east>
				<west>-60.198642</west>
				<minAltitude>0</minAltitude>
				<maxAltitude>0</maxAltitude>
			</LatLonAltBox>
		</Region>
		<ExtendedData>
			<SchemaData schemaUrl="#J_fazenda_kaiman_1_2025_12_11_08_10_39_DSSDSSSS">
				<SimpleData name="area_hectares">34.99</SimpleData>
				<SimpleData name="cropType">Braquiária</SimpleData>
				<SimpleData name="fillColour">#31a6c5</SimpleData>
				<SimpleData name="grazableArea_hectares">34.99</SimpleData>
				<SimpleData name="pastureState">Grazing</SimpleData>
				<SimpleData name="title">MT - Pasto 04 A</SimpleData>
				<SimpleData name="type">paddock</SimpleData>
				<SimpleData name="vegetation"></SimpleData>
			</SchemaData>
		</ExtendedData>
		<Polygon>
			<tessellate>1</tessellate>
			<outerBoundaryIs>
				<LinearRing>
					<coordinates>
						-60.198642,-14.535395,0 -60.197578,-14.539343,0 -60.190398,-14.537441,0 -60.190411,-14.537265,0 -60.190593,-14.537043,0 -60.190848,-14.536742,0 -60.190904,-14.536483,0 -60.190915,-14.536327,0 -60.19095,-14.536102,0 -60.191114,-14.535746,0 -60.191318,-14.535526,0 -60.191343,-14.535321,0 -60.19142,-14.53495,0 -60.191351,-14.534729,0 -60.191321,-14.534594,0 -60.191361,-14.534472,0 -60.191491,-14.534456,0 -60.191802,-14.534386,0 -60.191957,-14.534323,0 -60.192051,-14.534147,0 -60.192019,-14.534012,0 -60.19191699999999,-14.53391,0 -60.191819,-14.533664,0 -60.19201400000001,-14.533667,0 -60.19215700000001,-14.533669,0 -60.192354,-14.533721,0 -60.195645,-14.534597,0 -60.197963,-14.535214,0 -60.198642,-14.535395,0 
					</coordinates>
				</LinearRing>
			</outerBoundaryIs>
		</Polygon>
	</Placemark>
	<Placemark>
		<name>27cab91e-75ad-4faa-a456-530ac7890659</name>
		<styleUrl>#fazenda_kaiman_1_2025_12_11_08_10_39_style</styleUrl>
		<Region>
			<LatLonAltBox>
				<north>-14.544568</north>
				<south>-14.552377</south>
				<east>-60.184462</east>
				<west>-60.19043</west>
				<minAltitude>0</minAltitude>
				<maxAltitude>0</maxAltitude>
			</LatLonAltBox>
		</Region>
		<ExtendedData>
			<SchemaData schemaUrl="#J_fazenda_kaiman_1_2025_12_11_08_10_39_DSSDSSSS">
				<SimpleData name="area_hectares">29.93</SimpleData>
				<SimpleData name="cropType">Braquiária</SimpleData>
				<SimpleData name="fillColour">#31a6c5</SimpleData>
				<SimpleData name="grazableArea_hectares">29.93</SimpleData>
				<SimpleData name="pastureState">Grazing</SimpleData>
				<SimpleData name="title">MT - Pasto 22</SimpleData>
				<SimpleData name="type">paddock</SimpleData>
				<SimpleData name="vegetation"></SimpleData>
			</SchemaData>
		</ExtendedData>
		<Polygon>
			<tessellate>1</tessellate>
			<outerBoundaryIs>
				<LinearRing>
					<coordinates>
						-60.184462,-14.552377,0 -60.18456299999999,-14.55224,0 -60.184901,-14.552126,0 -60.185073,-14.551669,0 -60.185298,-14.551082,0 -60.185631,-14.550879,0 -60.18568699999999,-14.550557,0 -60.18567599999999,-14.550235,0 -60.18571399999999,-14.550007,0 -60.185805,-14.549399,0 -60.18591799999999,-14.548701,0 -60.185966,-14.54811,0 -60.185886,-14.547637,0 -60.185912,-14.546848,0 -60.186455,-14.546619,0 -60.187683,-14.545773,0 -60.188133,-14.545321,0 -60.188364,-14.544999,0 -60.188477,-14.544734,0 -60.18864300000001,-14.544599,0 -60.188938,-14.544568,0 -60.189362,-14.544573,0 -60.189979,-14.544791,0 -60.19043,-14.544967,0 -60.188708,-14.551449,0 -60.188538,-14.552076,0 -60.18682200000001,-14.552203,0 -60.184462,-14.552377,0 
					</coordinates>
				</LinearRing>
			</outerBoundaryIs>
		</Polygon>
	</Placemark>
	<Placemark>
		<name>2a7120c8-ecef-4616-a516-c31612749aff</name>
		<styleUrl>#fazenda_kaiman_1_2025_12_11_08_10_39_style</styleUrl>
		<Region>
			<LatLonAltBox>
				<north>-14.483422</north>
				<south>-14.48844</south>
				<east>-60.202738</east>
				<west>-60.207424</west>
				<minAltitude>0</minAltitude>
				<maxAltitude>0</maxAltitude>
			</LatLonAltBox>
		</Region>
		<ExtendedData>
			<SchemaData schemaUrl="#J_fazenda_kaiman_1_2025_12_11_08_10_39_DSSDSSSS">
				<SimpleData name="area_hectares">19.3255815746</SimpleData>
				<SimpleData name="cropType">Braquiária</SimpleData>
				<SimpleData name="fillColour">#efcb19</SimpleData>
				<SimpleData name="grazableArea_hectares">19.3255815746</SimpleData>
				<SimpleData name="pastureState">Grazing</SimpleData>
				<SimpleData name="title">KM - Pasto 12</SimpleData>
				<SimpleData name="type">paddock</SimpleData>
				<SimpleData name="vegetation"></SimpleData>
			</SchemaData>
		</ExtendedData>
		<Polygon>
			<tessellate>1</tessellate>
			<outerBoundaryIs>
				<LinearRing>
					<coordinates>
						-60.206262,-14.488414,0 -60.206254,-14.48844,0 -60.20273799999999,-14.487563,0 -60.20380399999999,-14.483509,0 -60.203948,-14.483422,0 -60.20537299999999,-14.483712,0 -60.205402,-14.483613,0 -60.207362,-14.484042,0 -60.207424,-14.484055,0 -60.207398,-14.484159,0 -60.206262,-14.488414,0 
					</coordinates>
				</LinearRing>
			</outerBoundaryIs>
		</Polygon>
	</Placemark>
	<Placemark>
		<name>2beec0c3-4569-49ea-802d-2f6f104b531d</name>
		<styleUrl>#fazenda_kaiman_1_2025_12_11_08_10_39_style</styleUrl>
		<Region>
			<LatLonAltBox>
				<north>-14.499669</north>
				<south>-14.504834</south>
				<east>-60.218582</east>
				<west>-60.223363</west>
				<minAltitude>0</minAltitude>
				<maxAltitude>0</maxAltitude>
			</LatLonAltBox>
		</Region>
		<ExtendedData>
			<SchemaData schemaUrl="#J_fazenda_kaiman_1_2025_12_11_08_10_39_DSSDSSSS">
				<SimpleData name="area_hectares">20.1</SimpleData>
				<SimpleData name="cropType">Braquiária</SimpleData>
				<SimpleData name="fillColour">#efcb19</SimpleData>
				<SimpleData name="grazableArea_hectares">20.1</SimpleData>
				<SimpleData name="pastureState">Grazing</SimpleData>
				<SimpleData name="title">KM - Pasto 27 A</SimpleData>
				<SimpleData name="type">paddock</SimpleData>
				<SimpleData name="vegetation"></SimpleData>
			</SchemaData>
		</ExtendedData>
		<Polygon>
			<tessellate>1</tessellate>
			<outerBoundaryIs>
				<LinearRing>
					<coordinates>
						-60.223363,-14.501426,0 -60.221913,-14.504834,0 -60.218695,-14.504398,0 -60.218942,-14.504123,0 -60.218925,-14.503915,0 -60.218925,-14.503641,0 -60.218807,-14.50347,0 -60.218802,-14.503309,0 -60.21886099999999,-14.503169,0 -60.218753,-14.502904,0 -60.21861899999999,-14.502691,0 -60.218582,-14.50253,0 -60.218657,-14.502327,0 -60.218753,-14.502172,0 -60.218726,-14.501976,0 -60.218693,-14.50181,0 -60.21868300000001,-14.501441,0 -60.218817,-14.501202,0 -60.21899400000001,-14.500958,0 -60.21911200000001,-14.500768,0 -60.21916,-14.500591,0 -60.219182,-14.500415,0 -60.219359,-14.500316,0 -60.219611,-14.500363,0 -60.219847,-14.500223,0 -60.219943,-14.499854,0 -60.220164,-14.499669,0 -60.222462,-14.500931,0 -60.223363,-14.501426,0 
					</coordinates>
				</LinearRing>
			</outerBoundaryIs>
		</Polygon>
	</Placemark>
	<Placemark>
		<name>2e92e896-fcf1-42e8-a8db-a286d773c8ec</name>
		<styleUrl>#fazenda_kaiman_1_2025_12_11_08_10_39_style</styleUrl>
		<Region>
			<LatLonAltBox>
				<north>-14.544193</north>
				<south>-14.555104</south>
				<east>-60.16667</east>
				<west>-60.176965</west>
				<minAltitude>0</minAltitude>
				<maxAltitude>0</maxAltitude>
			</LatLonAltBox>
		</Region>
		<ExtendedData>
			<SchemaData schemaUrl="#J_fazenda_kaiman_1_2025_12_11_08_10_39_DSSDSSSS">
				<SimpleData name="area_hectares">60.45</SimpleData>
				<SimpleData name="cropType">Braquiária</SimpleData>
				<SimpleData name="fillColour">#31a6c5</SimpleData>
				<SimpleData name="grazableArea_hectares">60.45</SimpleData>
				<SimpleData name="pastureState">Grazing</SimpleData>
				<SimpleData name="title">MT - Pasto 10</SimpleData>
				<SimpleData name="type">paddock</SimpleData>
				<SimpleData name="vegetation"></SimpleData>
			</SchemaData>
		</ExtendedData>
		<Polygon>
			<tessellate>1</tessellate>
			<outerBoundaryIs>
				<LinearRing>
					<coordinates>
						-60.176965,-14.544222,0 -60.176867,-14.544193,0 -60.17606899999999,-14.544469,0 -60.176195,-14.544425,0 -60.17442599999999,-14.545038,0 -60.173661,-14.545298,0 -60.172211,-14.545789,0 -60.17058599999999,-14.546339,0 -60.170453,-14.546384,0 -60.17039599999999,-14.546388,0 -60.170197,-14.546929,0 -60.169708,-14.548048,0 -60.169277,-14.548986,0 -60.168876,-14.54987,0 -60.168409,-14.551031,0 -60.167177,-14.553946,0 -60.16667,-14.555104,0 -60.16681699999999,-14.555016,0 -60.16707499999999,-14.554839,0 -60.16722,-14.554629,0 -60.167472,-14.554385,0 -60.167764,-14.554312,0 -60.167976,-14.554237,0 -60.168154,-14.554154,0 -60.168459,-14.554092,0 -60.168902,-14.554167,0 -60.16925599999999,-14.55417,0 -60.16954800000001,-14.554159,0 -60.169766,-14.554214,0 -60.169943,-14.554299,0 -60.170171,-14.554232,0 -60.170552,-14.554074,0 -60.170871,-14.554027,0 -60.171131,-14.553939,0 -60.171252,-14.553915,0 -60.171483,-14.553941,0 -60.17172,-14.553954,0 -60.17189700000001,-14.553845,0 -60.17212199999999,-14.553806,0 -60.172261,-14.553671,0 -60.172586,-14.553653,0 -60.17279,-14.553668,0 -60.172961,-14.553725,0 -60.173117,-14.553715,0 -60.173203,-14.553622,0 -60.17347100000001,-14.553461,0 -60.17363499999999,-14.553396,0 -60.173697,-14.55332,0 -60.17352,-14.553281,0 -60.173411,-14.553224,0 -60.17321499999999,-14.553108,0 -60.173283,-14.552972,0 -60.173703,-14.552035,0 -60.174107,-14.551065,0 -60.174568,-14.549961,0 -60.175016,-14.548889,0 -60.175543,-14.547626,0 -60.176663,-14.544944,0 -60.176895,-14.544387,0 -60.176965,-14.544222,0 
					</coordinates>
				</LinearRing>
			</outerBoundaryIs>
		</Polygon>
	</Placemark>
	<Placemark>
		<name>2f1ef2ce-2799-4e56-b355-6920782f71a8</name>
		<styleUrl>#fazenda_kaiman_1_2025_12_11_08_10_39_style</styleUrl>
		<Region>
			<LatLonAltBox>
				<north>-14.557853</north>
				<south>-14.565425</south>
				<east>-60.1682</east>
				<west>-60.176589</west>
				<minAltitude>0</minAltitude>
				<maxAltitude>0</maxAltitude>
			</LatLonAltBox>
		</Region>
		<ExtendedData>
			<SchemaData schemaUrl="#J_fazenda_kaiman_1_2025_12_11_08_10_39_DSSDSSSS">
				<SimpleData name="area_hectares">43.23</SimpleData>
				<SimpleData name="cropType">Braquiária</SimpleData>
				<SimpleData name="fillColour">#31a6c5</SimpleData>
				<SimpleData name="grazableArea_hectares">43.23</SimpleData>
				<SimpleData name="pastureState">Grazing</SimpleData>
				<SimpleData name="title">MT - Pasto 28</SimpleData>
				<SimpleData name="type">paddock</SimpleData>
				<SimpleData name="vegetation"></SimpleData>
			</SchemaData>
		</ExtendedData>
		<Polygon>
			<tessellate>1</tessellate>
			<outerBoundaryIs>
				<LinearRing>
					<coordinates>
						-60.168846,-14.565425,0 -60.1682,-14.557886,0 -60.168404,-14.557998,0 -60.168747,-14.55799,0 -60.16894299999999,-14.557902,0 -60.169208,-14.557853,0 -60.16934,-14.557902,0 -60.16938799999999,-14.558027,0 -60.169503,-14.558172,0 -60.169715,-14.558203,0 -60.169836,-14.558195,0 -60.169983,-14.558315,0 -60.170233,-14.558385,0 -60.170356,-14.558406,0 -60.170499,-14.558637,0 -60.170692,-14.55885,0 -60.170879,-14.558985,0 -60.171014,-14.559122,0 -60.171113,-14.559262,0 -60.17116299999999,-14.559501,0 -60.17135600000001,-14.559698,0 -60.171453,-14.559867,0 -60.171587,-14.56007,0 -60.171705,-14.560197,0 -60.171992,-14.560199,0 -60.17208599999999,-14.560223,0 -60.172308,-14.560358,0 -60.17253099999999,-14.560519,0 -60.172788,-14.560659,0 -60.172922,-14.560807,0 -60.17308100000001,-14.56095,0 -60.173156,-14.56123,0 -60.17334399999999,-14.561438,0 -60.17352600000001,-14.561526,0 -60.173741,-14.561609,0 -60.173907,-14.561643,0 -60.174061,-14.561766,0 -60.174227,-14.562012,0 -60.174694,-14.562357,0 -60.174895,-14.562547,0 -60.175016,-14.562601,0 -60.17513300000001,-14.562482,0 -60.175272,-14.562683,0 -60.17529999999999,-14.562766,0 -60.17538,-14.562919,0 -60.175354,-14.56302,0 -60.17538800000001,-14.563153,0 -60.175434,-14.563246,0 -60.175929,-14.563873,0 -60.17635,-14.564446,0 -60.176541,-14.564727,0 -60.17658900000001,-14.564859,0 -60.175558,-14.564947,0 -60.173505,-14.565077,0 -60.172212,-14.565189,0 -60.17088900000001,-14.56528,0 -60.16970999999999,-14.565364,0 -60.168846,-14.565425,0 
					</coordinates>
				</LinearRing>
			</outerBoundaryIs>
		</Polygon>
	</Placemark>
	<Placemark>
		<name>30853716-0aa0-4457-9e90-ab414e243d86</name>
		<styleUrl>#fazenda_kaiman_1_2025_12_11_08_10_39_style</styleUrl>
		<Region>
			<LatLonAltBox>
				<north>-14.476859</north>
				<south>-14.480609</south>
				<east>-60.210542</east>
				<west>-60.214264</west>
				<minAltitude>0</minAltitude>
				<maxAltitude>0</maxAltitude>
			</LatLonAltBox>
		</Region>
		<ExtendedData>
			<SchemaData schemaUrl="#J_fazenda_kaiman_1_2025_12_11_08_10_39_DSSDSSSS">
				<SimpleData name="area_hectares">12.26</SimpleData>
				<SimpleData name="cropType">Braquiária</SimpleData>
				<SimpleData name="fillColour">#efcb19</SimpleData>
				<SimpleData name="grazableArea_hectares">12.26</SimpleData>
				<SimpleData name="pastureState">Grazing</SimpleData>
				<SimpleData name="title">KM - Pasto 11</SimpleData>
				<SimpleData name="type">paddock</SimpleData>
				<SimpleData name="vegetation"></SimpleData>
			</SchemaData>
		</ExtendedData>
		<Polygon>
			<tessellate>1</tessellate>
			<outerBoundaryIs>
				<LinearRing>
					<coordinates>
						-60.210542,-14.480214,0 -60.213616,-14.480609,0 -60.214264,-14.478237,0 -60.213815,-14.478148,0 -60.21319,-14.478028,0 -60.21328500000001,-14.477453,0 -60.213198,-14.477433,0 -60.210739,-14.476859,0 -60.210542,-14.480214,0 
					</coordinates>
				</LinearRing>
			</outerBoundaryIs>
		</Polygon>
	</Placemark>
	<Placemark>
		<name>3601928d-526d-4ff2-a342-5fae4cb5410c</name>
		<styleUrl>#fazenda_kaiman_1_2025_12_11_08_10_39_style</styleUrl>
		<Region>
			<LatLonAltBox>
				<north>-14.49478</north>
				<south>-14.499267</south>
				<east>-60.189823</east>
				<west>-60.195255</west>
				<minAltitude>0</minAltitude>
				<maxAltitude>0</maxAltitude>
			</LatLonAltBox>
		</Region>
		<ExtendedData>
			<SchemaData schemaUrl="#J_fazenda_kaiman_1_2025_12_11_08_10_39_DSSDSSSS">
				<SimpleData name="area_hectares">14.6</SimpleData>
				<SimpleData name="cropType">Braquiária</SimpleData>
				<SimpleData name="fillColour">#efcb19</SimpleData>
				<SimpleData name="grazableArea_hectares">14.6</SimpleData>
				<SimpleData name="pastureState">Grazing</SimpleData>
				<SimpleData name="title">KM - Pasto 07 C</SimpleData>
				<SimpleData name="type">paddock</SimpleData>
				<SimpleData name="vegetation"></SimpleData>
			</SchemaData>
		</ExtendedData>
		<Polygon>
			<tessellate>1</tessellate>
			<outerBoundaryIs>
				<LinearRing>
					<coordinates>
						-60.19296099999999,-14.495103,0 -60.190673,-14.49478,0 -60.189823,-14.498077,0 -60.195098,-14.499233,0 -60.195255,-14.499267,0 -60.195153,-14.499197,0 -60.194925,-14.499038,0 -60.194894,-14.498958,0 -60.19476400000001,-14.49859,0 -60.194685,-14.498283,0 -60.19466199999999,-14.498127,0 -60.194402,-14.497839,0 -60.194062,-14.497518,0 -60.19367900000001,-14.497014,0 -60.19334,-14.496593,0 -60.192875,-14.496081,0 -60.19273,-14.496114,0 -60.19268399999999,-14.496051,0 -60.19289300000001,-14.495337,0 -60.19296099999999,-14.495103,0 
					</coordinates>
				</LinearRing>
			</outerBoundaryIs>
		</Polygon>
	</Placemark>
	<Placemark>
		<name>390fc63c-cb04-4de8-a93e-4b84f5a89e1e</name>
		<styleUrl>#fazenda_kaiman_1_2025_12_11_08_10_39_style</styleUrl>
		<Region>
			<LatLonAltBox>
				<north>-14.515124</north>
				<south>-14.522788</south>
				<east>-60.211329</east>
				<west>-60.217155</west>
				<minAltitude>0</minAltitude>
				<maxAltitude>0</maxAltitude>
			</LatLonAltBox>
		</Region>
		<ExtendedData>
			<SchemaData schemaUrl="#J_fazenda_kaiman_1_2025_12_11_08_10_39_DSSDSSSS">
				<SimpleData name="area_hectares">26.26</SimpleData>
				<SimpleData name="cropType">Braquiária</SimpleData>
				<SimpleData name="fillColour">#efcb19</SimpleData>
				<SimpleData name="grazableArea_hectares">26.26</SimpleData>
				<SimpleData name="pastureState">Grazing</SimpleData>
				<SimpleData name="title">KM - Pasto 24</SimpleData>
				<SimpleData name="type">paddock</SimpleData>
				<SimpleData name="vegetation"></SimpleData>
			</SchemaData>
		</ExtendedData>
		<Polygon>
			<tessellate>1</tessellate>
			<outerBoundaryIs>
				<LinearRing>
					<coordinates>
						-60.216151,-14.515223,0 -60.215732,-14.516251,0 -60.212041,-14.519449,0 -60.21132900000001,-14.521848,0 -60.21514500000001,-14.522744,0 -60.215335,-14.522788,0 -60.21538899999999,-14.52258,0 -60.21715499999999,-14.515807,0 -60.21695,-14.515623,0 -60.216391,-14.515124,0 -60.216151,-14.515223,0 
					</coordinates>
				</LinearRing>
			</outerBoundaryIs>
		</Polygon>
	</Placemark>
	<Placemark>
		<name>400dda37-bc37-41a7-bae3-0df7f4f01f0c</name>
		<styleUrl>#fazenda_kaiman_1_2025_12_11_08_10_39_style</styleUrl>
		<Region>
			<LatLonAltBox>
				<north>-14.507635</north>
				<south>-14.519853</south>
				<east>-60.190306</east>
				<west>-60.205275</west>
				<minAltitude>0</minAltitude>
				<maxAltitude>0</maxAltitude>
			</LatLonAltBox>
		</Region>
		<ExtendedData>
			<SchemaData schemaUrl="#J_fazenda_kaiman_1_2025_12_11_08_10_39_DSSDSSSS">
				<SimpleData name="area_hectares">133.64</SimpleData>
				<SimpleData name="cropType">Braquiária</SimpleData>
				<SimpleData name="fillColour">#efcb19</SimpleData>
				<SimpleData name="grazableArea_hectares">133.64</SimpleData>
				<SimpleData name="pastureState">Grazing</SimpleData>
				<SimpleData name="title">KM - Pasto 03</SimpleData>
				<SimpleData name="type">paddock</SimpleData>
				<SimpleData name="vegetation"></SimpleData>
			</SchemaData>
		</ExtendedData>
		<Polygon>
			<tessellate>1</tessellate>
			<outerBoundaryIs>
				<LinearRing>
					<coordinates>
						-60.202856,-14.519853,0 -60.205275,-14.511015,0 -60.201109,-14.509981,0 -60.20065899999999,-14.509869,0 -60.195935,-14.508693,0 -60.195615,-14.507853,0 -60.19544500000001,-14.507635,0 -60.195211,-14.508015,0 -60.195117,-14.508129,0 -60.195219,-14.508402,0 -60.195252,-14.5085,0 -60.195254,-14.508612,0 -60.19519,-14.508771,0 -60.195134,-14.508955,0 -60.195128,-14.50901,0 -60.19544199999999,-14.509107,0 -60.195512,-14.509159,0 -60.194855,-14.509987,0 -60.194441,-14.510266,0 -60.193847,-14.510641,0 -60.19349,-14.510853,0 -60.193413,-14.510896,0 -60.19337,-14.510963,0 -60.193169,-14.51117,0 -60.193024,-14.511383,0 -60.192956,-14.511503,0 -60.19289799999999,-14.511582,0 -60.192817,-14.511655,0 -60.192545,-14.511749,0 -60.192439,-14.511802,0 -60.19235,-14.511851,0 -60.192317,-14.511888,0 -60.192295,-14.511955,0 -60.19213999999999,-14.512182,0 -60.191889,-14.512448,0 -60.191855,-14.512554,0 -60.191804,-14.512673,0 -60.191734,-14.512816,0 -60.19158199999999,-14.512998,0 -60.191428,-14.513169,0 -60.191261,-14.513341,0 -60.191145,-14.513484,0 -60.191026,-14.513555,0 -60.19083499999999,-14.513744,0 -60.190696,-14.513899,0 -60.190559,-14.51405,0 -60.190473,-14.514154,0 -60.190445,-14.514234,0 -60.190445,-14.514336,0 -60.19041699999999,-14.514475,0 -60.19034,-14.514501,0 -60.190306,-14.514548,0 -60.190307,-14.514594,0 -60.190354,-14.514664,0 -60.190408,-14.514735,0 -60.190457,-14.514792,0 -60.190501,-14.514845,0 -60.190543,-14.514873,0 -60.190493,-14.515468,0 -60.190485,-14.515557,0 -60.190495,-14.515592,0 -60.19058499999999,-14.515895,0 -60.190748,-14.516442,0 -60.19075300000001,-14.516454,0 -60.190832,-14.516503,0 -60.191717,-14.517046,0 -60.19211799999999,-14.517293,0 -60.192207,-14.517321,0 -60.193279,-14.517602,0 -60.194469,-14.517912,0 -60.19491500000001,-14.518019,0 -60.195674,-14.518194,0 -60.197815,-14.518689,0 -60.202856,-14.519853,0 
					</coordinates>
				</LinearRing>
			</outerBoundaryIs>
		</Polygon>
	</Placemark>
	<Placemark>
		<name>489928a6-4a58-4777-8080-d7cbc4e44419</name>
		<styleUrl>#fazenda_kaiman_1_2025_12_11_08_10_39_style</styleUrl>
		<Region>
			<LatLonAltBox>
				<north>-14.538292</north>
				<south>-14.54339</south>
				<east>-60.19656</east>
				<west>-60.206397</west>
				<minAltitude>0</minAltitude>
				<maxAltitude>0</maxAltitude>
			</LatLonAltBox>
		</Region>
		<ExtendedData>
			<SchemaData schemaUrl="#J_fazenda_kaiman_1_2025_12_11_08_10_39_DSSDSSSS">
				<SimpleData name="area_hectares">28.15</SimpleData>
				<SimpleData name="cropType">Aruana</SimpleData>
				<SimpleData name="fillColour">#31a6c5</SimpleData>
				<SimpleData name="grazableArea_hectares">28.15</SimpleData>
				<SimpleData name="pastureState">Grazing</SimpleData>
				<SimpleData name="title">MT - Pasto 03</SimpleData>
				<SimpleData name="type">paddock</SimpleData>
				<SimpleData name="vegetation"></SimpleData>
			</SchemaData>
		</ExtendedData>
		<Polygon>
			<tessellate>1</tessellate>
			<outerBoundaryIs>
				<LinearRing>
					<coordinates>
						-60.19793899999999,-14.538292,0 -60.19655999999999,-14.543368,0 -60.19662899999999,-14.543383,0 -60.196741,-14.543377,0 -60.196806,-14.54339,0 -60.196899,-14.543359,0 -60.19694199999999,-14.543295,0 -60.197032,-14.543233,0 -60.19711199999999,-14.543128,0 -60.19715899999999,-14.543059,0 -60.197232,-14.543075,0 -60.19730199999999,-14.543066,0 -60.197365,-14.54299,0 -60.197462,-14.542907,0 -60.197536,-14.542861,0 -60.197585,-14.542828,0 -60.197713,-14.542749,0 -60.19792,-14.542675,0 -60.198061,-14.542629,0 -60.198155,-14.542623,0 -60.198257,-14.542585,0 -60.198328,-14.542556,0 -60.198372,-14.542461,0 -60.198458,-14.542402,0 -60.198543,-14.542353,0 -60.198607,-14.542314,0 -60.198735,-14.542253,0 -60.19886199999999,-14.542184,0 -60.198919,-14.542128,0 -60.198961,-14.542048,0 -60.199059,-14.541981,0 -60.199114,-14.542019,0 -60.199179,-14.542022,0 -60.199267,-14.542023,0 -60.199364,-14.542006,0 -60.199463,-14.541994,0 -60.199605,-14.542006,0 -60.19976100000001,-14.542014,0 -60.199865,-14.541998,0 -60.199973,-14.541948,0 -60.200058,-14.541952,0 -60.20015100000001,-14.54192,0 -60.200355,-14.541889,0 -60.200537,-14.541861,0 -60.200667,-14.54184,0 -60.200795,-14.541858,0 -60.200906,-14.541875,0 -60.201036,-14.541849,0 -60.20116699999999,-14.541842,0 -60.201241,-14.541851,0 -60.201391,-14.541785,0 -60.20155,-14.54174,0 -60.20163399999999,-14.541681,0 -60.20175,-14.54166,0 -60.201905,-14.541661,0 -60.202045,-14.541672,0 -60.202138,-14.541676,0 -60.20221400000001,-14.541664,0 -60.202391,-14.541652,0 -60.202454,-14.541647,0 -60.202538,-14.541664,0 -60.2026,-14.541725,0 -60.202634,-14.541765,0 -60.202699,-14.541811,0 -60.20277200000001,-14.541843,0 -60.202915,-14.541808,0 -60.203047,-14.541878,0 -60.20315,-14.541929,0 -60.203243,-14.541979,0 -60.203248,-14.541934,0 -60.203202,-14.541866,0 -60.20330200000001,-14.541835,0 -60.203356,-14.541835,0 -60.20345,-14.541799,0 -60.203531,-14.541766,0 -60.203572,-14.541725,0 -60.20355500000001,-14.54164,0 -60.20366,-14.541621,0 -60.203779,-14.541608,0 -60.20387599999999,-14.541613,0 -60.203932,-14.541663,0 -60.204015,-14.541694,0 -60.204065,-14.541711,0 -60.204109,-14.541676,0 -60.20416700000001,-14.54165,0 -60.204237,-14.541668,0 -60.204362,-14.54169,0 -60.204521,-14.541618,0 -60.204697,-14.541595,0 -60.204798,-14.541604,0 -60.20496899999999,-14.541553,0 -60.205185,-14.541531,0 -60.205403,-14.541472,0 -60.20553300000001,-14.541402,0 -60.205717,-14.541295,0 -60.205809,-14.541277,0 -60.20589300000001,-14.541234,0 -60.20595300000001,-14.541132,0 -60.205949,-14.541051,0 -60.20593599999999,-14.541006,0 -60.206007,-14.540955,0 -60.20609,-14.540897,0 -60.206164,-14.540813,0 -60.20623000000001,-14.540741,0 -60.206286,-14.54069,0 -60.206305,-14.540633,0 -60.206297,-14.540551,0 -60.206344,-14.540497,0 -60.206397,-14.540429,0 -60.20087900000001,-14.539035,0 -60.19793899999999,-14.538292,0 
					</coordinates>
				</LinearRing>
			</outerBoundaryIs>
		</Polygon>
	</Placemark>
	<Placemark>
		<name>48fd3a05-37f9-4c88-92cb-75009e8f9acf</name>
		<styleUrl>#fazenda_kaiman_1_2025_12_11_08_10_39_style</styleUrl>
		<Region>
			<LatLonAltBox>
				<north>-14.498077</north>
				<south>-14.514371</south>
				<east>-60.185798</east>
				<west>-60.196508</west>
				<minAltitude>0</minAltitude>
				<maxAltitude>0</maxAltitude>
			</LatLonAltBox>
		</Region>
		<ExtendedData>
			<SchemaData schemaUrl="#J_fazenda_kaiman_1_2025_12_11_08_10_39_DSSDSSSS">
				<SimpleData name="area_hectares">126.221947294</SimpleData>
				<SimpleData name="cropType">Braquiária</SimpleData>
				<SimpleData name="fillColour">#efcb19</SimpleData>
				<SimpleData name="grazableArea_hectares">126.221947294</SimpleData>
				<SimpleData name="pastureState">Grazing</SimpleData>
				<SimpleData name="title">KM - Pasto 06</SimpleData>
				<SimpleData name="type">paddock</SimpleData>
				<SimpleData name="vegetation"></SimpleData>
			</SchemaData>
		</ExtendedData>
		<Polygon>
			<tessellate>1</tessellate>
			<outerBoundaryIs>
				<LinearRing>
					<coordinates>
						-60.185798,-14.513131,0 -60.185803,-14.513223,0 -60.185833,-14.513363,0 -60.18585,-14.513465,0 -60.185889,-14.513565,0 -60.185963,-14.513618,0 -60.18606400000001,-14.513659,0 -60.186263,-14.513681,0 -60.186422,-14.513675,0 -60.186538,-14.513658,0 -60.186622,-14.513662,0 -60.18673099999999,-14.513683,0 -60.186826,-14.513706,0 -60.18691,-14.513732,0 -60.187014,-14.513774,0 -60.18709700000001,-14.513843,0 -60.187163,-14.513906,0 -60.18727800000001,-14.513984,0 -60.18740399999999,-14.514056,0 -60.187498,-14.514084,0 -60.187605,-14.514087,0 -60.18773899999999,-14.514099,0 -60.187865,-14.514107,0 -60.187943,-14.514123,0 -60.188065,-14.514153,0 -60.188152,-14.514191,0 -60.18824500000001,-14.514221,0 -60.188313,-14.514253,0 -60.188372,-14.514304,0 -60.1884,-14.514336,0 -60.188528,-14.51437,0 -60.18868699999999,-14.514368,0 -60.188762,-14.514365,0 -60.188837,-14.514371,0 -60.18896399999999,-14.514365,0 -60.189136,-14.51435,0 -60.189219,-14.514331,0 -60.189353,-14.514278,0 -60.18948099999999,-14.514216,0 -60.18963,-14.514133,0 -60.189726,-14.514039,0 -60.189803,-14.513924,0 -60.18985500000001,-14.51382,0 -60.189967,-14.513663,0 -60.190059,-14.513539,0 -60.190125,-14.513505,0 -60.190167,-14.513478,0 -60.190238,-14.513396,0 -60.190361,-14.513297,0 -60.190473,-14.513184,0 -60.19056299999999,-14.513103,0 -60.19059599999999,-14.51306,0 -60.19069500000001,-14.512947,0 -60.190766,-14.512893,0 -60.190845,-14.512847,0 -60.190903,-14.512782,0 -60.191402,-14.512073,0 -60.191652,-14.511701,0 -60.191717,-14.511609,0 -60.191774,-14.511565,0 -60.191941,-14.511426,0 -60.192024,-14.511405,0 -60.192139,-14.51132,0 -60.19227699999999,-14.511213,0 -60.19239600000001,-14.511087,0 -60.192477,-14.511014,0 -60.192567,-14.510921,0 -60.192631,-14.510848,0 -60.192732,-14.510816,0 -60.19281299999999,-14.51073,0 -60.192881,-14.510686,0 -60.19295100000001,-14.510628,0 -60.192982,-14.510543,0 -60.193076,-14.510425,0 -60.193112,-14.510345,0 -60.193181,-14.510253,0 -60.19324699999999,-14.51016,0 -60.193362,-14.510024,0 -60.19346700000001,-14.509889,0 -60.193569,-14.509815,0 -60.193623,-14.509751,0 -60.193718,-14.509621,0 -60.19378,-14.509538,0 -60.193905,-14.509372,0 -60.194007,-14.509289,0 -60.194109,-14.509234,0 -60.194178,-14.509159,0 -60.194236,-14.509078,0 -60.194278,-14.508973,0 -60.19431900000001,-14.508877,0 -60.19431600000001,-14.50882,0 -60.19424500000001,-14.508798,0 -60.19417300000001,-14.508794,0 -60.194108,-14.508846,0 -60.194057,-14.508942,0 -60.193976,-14.50902,0 -60.193901,-14.50908,0 -60.19380200000001,-14.509185,0 -60.193716,-14.509313,0 -60.193594,-14.509433,0 -60.193531,-14.509441,0 -60.19346,-14.509438,0 -60.19338,-14.509416,0 -60.193348,-14.509347,0 -60.19335,-14.509252,0 -60.193403,-14.50909,0 -60.19346399999999,-14.508726,0 -60.19349699999999,-14.50853,0 -60.193556,-14.508416,0 -60.193677,-14.508377,0 -60.193825,-14.508423,0 -60.193935,-14.508464,0 -60.19406600000001,-14.5085,0 -60.19412299999999,-14.508592,0 -60.194168,-14.508666,0 -60.19417300000001,-14.508794,0 -60.194251,-14.5088,0 -60.19431600000001,-14.508822,0 -60.194355,-14.508795,0 -60.194375,-14.508758,0 -60.194379,-14.508704,0 -60.19437599999999,-14.508584,0 -60.19437599999999,-14.508521,0 -60.19436499999999,-14.508409,0 -60.194356,-14.508299,0 -60.194633,-14.508325,0 -60.194909,-14.508222,0 -60.19522800000001,-14.507494,0 -60.195935,-14.505978,0 -60.196288,-14.505095,0 -60.19650799999999,-14.504383,0 -60.19647,-14.503713,0 -60.195979,-14.50177,0 -60.19548100000001,-14.500544,0 -60.195334,-14.499885,0 -60.195252,-14.499266,0 -60.189822,-14.498077,0 -60.187328,-14.507294,0 -60.187144,-14.507993,0 -60.18699,-14.508632,0 -60.18679,-14.509406,0 -60.186611,-14.510104,0 -60.186432,-14.510759,0 -60.186187,-14.511626,0 -60.186018,-14.512195,0 -60.185877,-14.512763,0 -60.185798,-14.513131,0 
					</coordinates>
				</LinearRing>
			</outerBoundaryIs>
		</Polygon>
	</Placemark>
	<Placemark>
		<name>49a63ba3-334c-4872-872e-a912809a6c5c</name>
		<styleUrl>#fazenda_kaiman_1_2025_12_11_08_10_39_style</styleUrl>
		<Region>
			<LatLonAltBox>
				<north>-14.489967</north>
				<south>-14.495106</south>
				<east>-60.190671</east>
				<west>-60.193768</west>
				<minAltitude>0</minAltitude>
				<maxAltitude>0</maxAltitude>
			</LatLonAltBox>
		</Region>
		<ExtendedData>
			<SchemaData schemaUrl="#J_fazenda_kaiman_1_2025_12_11_08_10_39_DSSDSSSS">
				<SimpleData name="area_hectares">12</SimpleData>
				<SimpleData name="cropType">Braquiária</SimpleData>
				<SimpleData name="fillColour">#efcb19</SimpleData>
				<SimpleData name="grazableArea_hectares">12</SimpleData>
				<SimpleData name="pastureState">Grazing</SimpleData>
				<SimpleData name="title">KM - Pasto 07 D</SimpleData>
				<SimpleData name="type">paddock</SimpleData>
				<SimpleData name="vegetation"></SimpleData>
			</SchemaData>
		</ExtendedData>
		<Polygon>
			<tessellate>1</tessellate>
			<outerBoundaryIs>
				<LinearRing>
					<coordinates>
						-60.193768,-14.490392,0 -60.19196700000001,-14.489967,0 -60.19067100000001,-14.49478,0 -60.19180800000001,-14.49494,0 -60.192889,-14.495093,0 -60.19296,-14.495106,0 -60.193089,-14.494664,0 -60.19311600000001,-14.494445,0 -60.19317600000001,-14.493959,0 -60.193232,-14.493504,0 -60.193248,-14.493374,0 -60.193262,-14.493288,0 -60.19333,-14.492899,0 -60.193484,-14.492017,0 -60.19373100000001,-14.490603,0 -60.193768,-14.490392,0 
					</coordinates>
				</LinearRing>
			</outerBoundaryIs>
		</Polygon>
	</Placemark>
	<Placemark>
		<name>4b67458d-fd14-466e-b345-aa137ccffd3a</name>
		<styleUrl>#fazenda_kaiman_1_2025_12_11_08_10_39_style</styleUrl>
		<Region>
			<LatLonAltBox>
				<north>-14.511037</north>
				<south>-14.521042</south>
				<east>-60.202945</east>
				<west>-60.215914</west>
				<minAltitude>0</minAltitude>
				<maxAltitude>0</maxAltitude>
			</LatLonAltBox>
		</Region>
		<ExtendedData>
			<SchemaData schemaUrl="#J_fazenda_kaiman_1_2025_12_11_08_10_39_DSSDSSSS">
				<SimpleData name="area_hectares">57.31</SimpleData>
				<SimpleData name="cropType">Braquiária</SimpleData>
				<SimpleData name="fillColour">#efcb19</SimpleData>
				<SimpleData name="grazableArea_hectares">57.31</SimpleData>
				<SimpleData name="pastureState">Grazing</SimpleData>
				<SimpleData name="title">KM - Pasto 16</SimpleData>
				<SimpleData name="type">paddock</SimpleData>
				<SimpleData name="vegetation"></SimpleData>
			</SchemaData>
		</ExtendedData>
		<Polygon>
			<tessellate>1</tessellate>
			<outerBoundaryIs>
				<LinearRing>
					<coordinates>
						-60.202945,-14.519871,0 -60.20536199999999,-14.511037,0 -60.210306,-14.512264,0 -60.210276,-14.512372,0 -60.20897,-14.517159,0 -60.210388,-14.51749,0 -60.21075200000001,-14.517575,0 -60.21084,-14.517531,0 -60.21583700000001,-14.515058,0 -60.215868,-14.515112,0 -60.21589500000001,-14.515134,0 -60.21591,-14.515177,0 -60.215914,-14.515211,0 -60.21589500000001,-14.515256,0 -60.21587499999999,-14.515292,0 -60.21585899999999,-14.515335,0 -60.21575399999999,-14.515379,0 -60.21569099999999,-14.51538,0 -60.215517,-14.515431,0 -60.215273,-14.515549,0 -60.213011,-14.516637,0 -60.21134000000001,-14.51744,0 -60.21074,-14.517729,0 -60.210641,-14.517707,0 -60.208932,-14.517309,0 -60.207912,-14.521042,0 -60.202945,-14.519871,0 
					</coordinates>
				</LinearRing>
			</outerBoundaryIs>
		</Polygon>
	</Placemark>
	<Placemark>
		<name>4c5a9d5d-78c3-4abb-8f8f-edf6ae14cc6f</name>
		<styleUrl>#fazenda_kaiman_1_2025_12_11_08_10_39_style</styleUrl>
		<Region>
			<LatLonAltBox>
				<north>-14.493006</north>
				<south>-14.499492</south>
				<east>-60.20491</east>
				<west>-60.209944</west>
				<minAltitude>0</minAltitude>
				<maxAltitude>0</maxAltitude>
			</LatLonAltBox>
		</Region>
		<ExtendedData>
			<SchemaData schemaUrl="#J_fazenda_kaiman_1_2025_12_11_08_10_39_DSSDSSSS">
				<SimpleData name="area_hectares">19.83</SimpleData>
				<SimpleData name="cropType">Braquiária</SimpleData>
				<SimpleData name="fillColour">#efcb19</SimpleData>
				<SimpleData name="grazableArea_hectares">19.83</SimpleData>
				<SimpleData name="pastureState">Grazing</SimpleData>
				<SimpleData name="title">KM - Pasto 01 A</SimpleData>
				<SimpleData name="type">paddock</SimpleData>
				<SimpleData name="vegetation"></SimpleData>
			</SchemaData>
		</ExtendedData>
		<Polygon>
			<tessellate>1</tessellate>
			<outerBoundaryIs>
				<LinearRing>
					<coordinates>
						-60.205591,-14.493006,0 -60.20994399999999,-14.49393,0 -60.20879,-14.498129,0 -60.208512,-14.499159,0 -60.208429,-14.499492,0 -60.208336,-14.49945,0 -60.20823300000001,-14.499397,0 -60.208111,-14.499307,0 -60.20815900000001,-14.498439,0 -60.208228,-14.497196,0 -60.208129,-14.497175,0 -60.20577400000001,-14.496667,0 -60.20491,-14.496482,0 -60.205591,-14.493006,0 
					</coordinates>
				</LinearRing>
			</outerBoundaryIs>
		</Polygon>
	</Placemark>
	<Placemark>
		<name>4cd24016-4bf1-4954-ae31-bd6417db49a6</name>
		<styleUrl>#fazenda_kaiman_1_2025_12_11_08_10_39_style</styleUrl>
		<Region>
			<LatLonAltBox>
				<north>-14.5059</north>
				<south>-14.512264</south>
				<east>-60.205362</east>
				<west>-60.213696</west>
				<minAltitude>0</minAltitude>
				<maxAltitude>0</maxAltitude>
			</LatLonAltBox>
		</Region>
		<ExtendedData>
			<SchemaData schemaUrl="#J_fazenda_kaiman_1_2025_12_11_08_10_39_DSSDSSSS">
				<SimpleData name="area_hectares">30.72</SimpleData>
				<SimpleData name="cropType">Braquiária</SimpleData>
				<SimpleData name="fillColour">#efcb19</SimpleData>
				<SimpleData name="grazableArea_hectares">30.72</SimpleData>
				<SimpleData name="pastureState">Grazing</SimpleData>
				<SimpleData name="title">KM - Pasto 15 A</SimpleData>
				<SimpleData name="type">paddock</SimpleData>
				<SimpleData name="vegetation"></SimpleData>
			</SchemaData>
		</ExtendedData>
		<Polygon>
			<tessellate>1</tessellate>
			<outerBoundaryIs>
				<LinearRing>
					<coordinates>
						-60.20536199999999,-14.511037,0 -60.206586,-14.506544,0 -60.21142,-14.507857,0 -60.21150699999999,-14.507871,0 -60.212045,-14.5059,0 -60.212158,-14.505946,0 -60.212237,-14.505985,0 -60.212339,-14.506016,0 -60.212416,-14.506043,0 -60.212509,-14.506099,0 -60.212728,-14.506186,0 -60.213275,-14.506426,0 -60.213465,-14.506535,0 -60.21353500000001,-14.506565,0 -60.213586,-14.506615,0 -60.213655,-14.506652,0 -60.213696,-14.506692,0 -60.212882,-14.507228,0 -60.211434,-14.508141,0 -60.210306,-14.512264,0 -60.209318,-14.512019,0 -60.207354,-14.511532,0 -60.205802,-14.511146,0 -60.20536199999999,-14.511037,0 
					</coordinates>
				</LinearRing>
			</outerBoundaryIs>
		</Polygon>
	</Placemark>
	<Placemark>
		<name>4d451c4b-4dfa-492d-b4b7-528b06197464</name>
		<styleUrl>#fazenda_kaiman_1_2025_12_11_08_10_39_style</styleUrl>
		<Region>
			<LatLonAltBox>
				<north>-14.506692</north>
				<south>-14.513038</south>
				<east>-60.210306</east>
				<west>-60.214909</west>
				<minAltitude>0</minAltitude>
				<maxAltitude>0</maxAltitude>
			</LatLonAltBox>
		</Region>
		<ExtendedData>
			<SchemaData schemaUrl="#J_fazenda_kaiman_1_2025_12_11_08_10_39_DSSDSSSS">
				<SimpleData name="area_hectares">20.76</SimpleData>
				<SimpleData name="cropType">Braquiária</SimpleData>
				<SimpleData name="fillColour">#efcb19</SimpleData>
				<SimpleData name="grazableArea_hectares">20.76</SimpleData>
				<SimpleData name="pastureState">Grazing</SimpleData>
				<SimpleData name="title">KM - Pasto 20</SimpleData>
				<SimpleData name="type">paddock</SimpleData>
				<SimpleData name="vegetation"></SimpleData>
			</SchemaData>
		</ExtendedData>
		<Polygon>
			<tessellate>1</tessellate>
			<outerBoundaryIs>
				<LinearRing>
					<coordinates>
						-60.210306,-14.512264,0 -60.210434,-14.512296,0 -60.213415,-14.513038,0 -60.21346299999999,-14.512866,0 -60.214764,-14.507991,0 -60.21481,-14.50797,0 -60.214883,-14.507959,0 -60.214909,-14.507932,0 -60.214894,-14.507887,0 -60.214855,-14.507841,0 -60.214816,-14.507805,0 -60.214764,-14.507783,0 -60.214685,-14.507802,0 -60.214596,-14.507836,0 -60.21451,-14.507827,0 -60.214441,-14.507783,0 -60.2143,-14.50775,0 -60.214206,-14.507656,0 -60.214127,-14.507472,0 -60.214097,-14.50738,0 -60.21406500000001,-14.507268,0 -60.213894,-14.506846,0 -60.213817,-14.5067,0 -60.213696,-14.506692,0 -60.213182,-14.507031,0 -60.21252599999999,-14.507452,0 -60.211434,-14.508141,0 -60.211396,-14.508279,0 -60.21031499999999,-14.51223,0 -60.210306,-14.512264,0 
					</coordinates>
				</LinearRing>
			</outerBoundaryIs>
		</Polygon>
	</Placemark>
	<Placemark>
		<name>5802d1eb-51b5-4328-a448-94acecdf9162</name>
		<styleUrl>#fazenda_kaiman_1_2025_12_11_08_10_39_style</styleUrl>
		<Region>
			<LatLonAltBox>
				<north>-14.552993</north>
				<south>-14.559935</south>
				<east>-60.174342</east>
				<west>-60.181593</west>
				<minAltitude>0</minAltitude>
				<maxAltitude>0</maxAltitude>
			</LatLonAltBox>
		</Region>
		<ExtendedData>
			<SchemaData schemaUrl="#J_fazenda_kaiman_1_2025_12_11_08_10_39_DSSDSSSS">
				<SimpleData name="area_hectares">27.5127658076</SimpleData>
				<SimpleData name="cropType">Braquiária</SimpleData>
				<SimpleData name="fillColour">#31a6c5</SimpleData>
				<SimpleData name="grazableArea_hectares">27.5127658076</SimpleData>
				<SimpleData name="pastureState">Grazing</SimpleData>
				<SimpleData name="title">MT - Pasto 25</SimpleData>
				<SimpleData name="type">paddock</SimpleData>
				<SimpleData name="vegetation"></SimpleData>
			</SchemaData>
		</ExtendedData>
		<Polygon>
			<tessellate>1</tessellate>
			<outerBoundaryIs>
				<LinearRing>
					<coordinates>
						-60.180332,-14.559935,0 -60.18123,-14.559845,0 -60.181593,-14.559813,0 -60.181572,-14.559531,0 -60.18150600000001,-14.558625,0 -60.18149199999999,-14.558443,0 -60.181074,-14.553055,0 -60.180952,-14.552993,0 -60.18077300000001,-14.553029,0 -60.180561,-14.553169,0 -60.180268,-14.553463,0 -60.179796,-14.553592,0 -60.17939,-14.553704,0 -60.17906,-14.553855,0 -60.179301,-14.554164,0 -60.17941600000001,-14.554411,0 -60.17947299999999,-14.554623,0 -60.179427,-14.5548,0 -60.17921500000001,-14.555158,0 -60.178856,-14.555301,0 -60.178496,-14.555389,0 -60.178285,-14.555415,0 -60.17809700000001,-14.555426,0 -60.177906,-14.555358,0 -60.17767,-14.555327,0 -60.177464,-14.555335,0 -60.1773,-14.555317,0 -60.17717400000001,-14.555356,0 -60.176882,-14.555587,0 -60.17638300000001,-14.555735,0 -60.175972,-14.55582,0 -60.175377,-14.555924,0 -60.175101,-14.555841,0 -60.174935,-14.55533,0 -60.174937,-14.555126,0 -60.175155,-14.554944,0 -60.17572299999999,-14.554815,0 -60.176099,-14.554665,0 -60.17631899999999,-14.554518,0 -60.176377,-14.554339,0 -60.176313,-14.554144,0 -60.17615199999999,-14.554104,0 -60.175701,-14.553966,0 -60.175249,-14.55396,0 -60.17466799999999,-14.553948,0 -60.17434200000001,-14.55407,0 -60.17446,-14.554835,0 -60.174728,-14.5556,0 -60.174681,-14.555685,0 -60.174791,-14.555867,0 -60.174897,-14.556043,0 -60.174933,-14.5561,0 -60.175073,-14.556188,0 -60.175362,-14.55637,0 -60.176038,-14.556796,0 -60.176648,-14.557179,0 -60.17711,-14.55747,0 -60.177516,-14.557726,0 -60.178154,-14.558127,0 -60.17954699999999,-14.559003,0 -60.17983600000001,-14.559185,0 -60.18029500000001,-14.559478,0 -60.180313,-14.559707,0 -60.180332,-14.559935,0 
					</coordinates>
				</LinearRing>
			</outerBoundaryIs>
		</Polygon>
	</Placemark>
	<Placemark>
		<name>5b40d96b-dd74-45d9-b3d1-486db6cf5c33</name>
		<styleUrl>#fazenda_kaiman_1_2025_12_11_08_10_39_style</styleUrl>
		<Region>
			<LatLonAltBox>
				<north>-14.537441</north>
				<south>-14.543755</south>
				<east>-60.189015</east>
				<west>-60.197578</west>
				<minAltitude>0</minAltitude>
				<maxAltitude>0</maxAltitude>
			</LatLonAltBox>
		</Region>
		<ExtendedData>
			<SchemaData schemaUrl="#J_fazenda_kaiman_1_2025_12_11_08_10_39_DSSDSSSS">
				<SimpleData name="area_hectares">42.96</SimpleData>
				<SimpleData name="cropType">Braquiária</SimpleData>
				<SimpleData name="fillColour">#31a6c5</SimpleData>
				<SimpleData name="grazableArea_hectares">42.96</SimpleData>
				<SimpleData name="pastureState">Grazing</SimpleData>
				<SimpleData name="title">MT - Pasto 04</SimpleData>
				<SimpleData name="type">paddock</SimpleData>
				<SimpleData name="vegetation"></SimpleData>
			</SchemaData>
		</ExtendedData>
		<Polygon>
			<tessellate>1</tessellate>
			<outerBoundaryIs>
				<LinearRing>
					<coordinates>
						-60.197578,-14.539343,0 -60.196375,-14.543755,0 -60.19629,-14.543714,0 -60.19615899999999,-14.543653,0 -60.195954,-14.543529,0 -60.19569499999999,-14.543432,0 -60.195518,-14.543429,0 -60.195336,-14.543485,0 -60.19504599999999,-14.543555,0 -60.194655,-14.543556,0 -60.194282,-14.543542,0 -60.194034,-14.543521,0 -60.19170299999999,-14.543266,0 -60.191574,-14.543209,0 -60.19132,-14.543192,0 -60.191218,-14.543126,0 -60.19104200000001,-14.543094,0 -60.19094499999999,-14.543015,0 -60.190773,-14.542937,0 -60.19054899999999,-14.542742,0 -60.190296,-14.542686,0 -60.190186,-14.542612,0 -60.190088,-14.54252,0 -60.189971,-14.542419,0 -60.189846,-14.542298,0 -60.189811,-14.54223,0 -60.189655,-14.542191,0 -60.18958000000001,-14.542207,0 -60.189415,-14.542057,0 -60.189321,-14.541945,0 -60.18923,-14.541827,0 -60.189173,-14.541713,0 -60.18908800000001,-14.541668,0 -60.189115,-14.541564,0 -60.189147,-14.541461,0 -60.189101,-14.541333,0 -60.189069,-14.541274,0 -60.189031,-14.541162,0 -60.189015,-14.541056,0 -60.189053,-14.540931,0 -60.189116,-14.540876,0 -60.189384,-14.540796,0 -60.189561,-14.540559,0 -60.189708,-14.540362,0 -60.189931,-14.540113,0 -60.190078,-14.539986,0 -60.190122,-14.539772,0 -60.19017,-14.539559,0 -60.190186,-14.539388,0 -60.190234,-14.539279,0 -60.190411,-14.539165,0 -60.190513,-14.538993,0 -60.190422,-14.538832,0 -60.190363,-14.538692,0 -60.190529,-14.538583,0 -60.190679,-14.538459,0 -60.19075600000001,-14.538275,0 -60.190762,-14.538119,0 -60.190858,-14.537964,0 -60.190891,-14.537787,0 -60.190676,-14.537678,0 -60.190638,-14.537603,0 -60.190398,-14.537441,0 -60.190866,-14.537565,0 -60.196155,-14.538966,0 -60.197578,-14.539343,0 
					</coordinates>
				</LinearRing>
			</outerBoundaryIs>
		</Polygon>
	</Placemark>
	<Placemark>
		<name>61a7b5c7-31f2-4cee-b91b-00acfee0ad14</name>
		<styleUrl>#fazenda_kaiman_1_2025_12_11_08_10_39_style</styleUrl>
		<Region>
			<LatLonAltBox>
				<north>-14.514871</north>
				<south>-14.528809</south>
				<east>-60.189688</east>
				<west>-60.202856</west>
				<minAltitude>0</minAltitude>
				<maxAltitude>0</maxAltitude>
			</LatLonAltBox>
		</Region>
		<ExtendedData>
			<SchemaData schemaUrl="#J_fazenda_kaiman_1_2025_12_11_08_10_39_DSSDSSSS">
				<SimpleData name="area_hectares">95.1</SimpleData>
				<SimpleData name="cropType">Braquiária</SimpleData>
				<SimpleData name="fillColour">#efcb19</SimpleData>
				<SimpleData name="grazableArea_hectares">95.1</SimpleData>
				<SimpleData name="pastureState">Grazing</SimpleData>
				<SimpleData name="title">KM - Pasto 04</SimpleData>
				<SimpleData name="type">paddock</SimpleData>
				<SimpleData name="vegetation"></SimpleData>
			</SchemaData>
		</ExtendedData>
		<Polygon>
			<tessellate>1</tessellate>
			<outerBoundaryIs>
				<LinearRing>
					<coordinates>
						-60.191478,-14.526632,0 -60.19549399999999,-14.527624,0 -60.19549399999999,-14.527538,0 -60.195515,-14.527437,0 -60.195561,-14.527318,0 -60.19570599999999,-14.527258,0 -60.195872,-14.527258,0 -60.19601100000001,-14.52731,0 -60.19607,-14.527377,0 -60.196119,-14.527476,0 -60.19612900000001,-14.527595,0 -60.19613699999999,-14.527715,0 -60.19549399999999,-14.527624,0 -60.200293,-14.528808,0 -60.200374,-14.528809,0 -60.20039799999999,-14.528715,0 -60.200422,-14.528666,0 -60.200496,-14.528579,0 -60.202856,-14.519853,0 -60.1946,-14.517946,0 -60.192513,-14.517403,0 -60.19213,-14.5173,0 -60.190751,-14.516453,0 -60.190485,-14.515558,0 -60.190543,-14.514871,0 -60.190436,-14.514882,0 -60.190291,-14.514895,0 -60.19020299999999,-14.514916,0 -60.190173,-14.514993,0 -60.19018899999999,-14.515095,0 -60.19022499999999,-14.51539,0 -60.190303,-14.515572,0 -60.190354,-14.515666,0 -60.190413,-14.515788,0 -60.190433,-14.515856,0 -60.190426,-14.515917,0 -60.190248,-14.515973,0 -60.19017,-14.515898,0 -60.190081,-14.515688,0 -60.190075,-14.515625,0 -60.18999800000001,-14.515554,0 -60.189911,-14.515539,0 -60.18991,-14.51586,0 -60.189688,-14.516695,0 -60.189761,-14.516752,0 -60.19059900000001,-14.516955,0 -60.191602,-14.517186,0 -60.191806,-14.517295,0 -60.192117,-14.517511,0 -60.192321,-14.517672,0 -60.19249500000001,-14.517817,0 -60.192604,-14.517968,0 -60.192749,-14.518139,0 -60.192867,-14.518284,0 -60.192975,-14.518401,0 -60.193133,-14.518588,0 -60.19328600000001,-14.518726,0 -60.19343899999999,-14.518811,0 -60.19353799999999,-14.5189,0 -60.193639,-14.519023,0 -60.19366999999999,-14.519255,0 -60.193713,-14.51931,0 -60.193786,-14.519356,0 -60.19384599999999,-14.519404,0 -60.194022,-14.519442,0 -60.194172,-14.519395,0 -60.194293,-14.519307,0 -60.194443,-14.519289,0 -60.19458199999999,-14.519354,0 -60.194706,-14.519429,0 -60.194936,-14.519489,0 -60.195213,-14.519564,0 -60.19539,-14.519585,0 -60.195567,-14.519647,0 -60.19583000000001,-14.519754,0 -60.195974,-14.519832,0 -60.196119,-14.519876,0 -60.196342,-14.519946,0 -60.196532,-14.520029,0 -60.196795,-14.520234,0 -60.19697499999999,-14.520452,0 -60.197149,-14.520639,0 -60.19727,-14.520808,0 -60.19742300000001,-14.52099,0 -60.197535,-14.521091,0 -60.19764799999999,-14.521205,0 -60.197763,-14.521304,0 -60.197836,-14.521395,0 -60.19786800000001,-14.521457,0 -60.19796700000001,-14.521511,0 -60.198087,-14.521561,0 -60.198344,-14.521639,0 -60.198462,-14.521727,0 -60.19851599999999,-14.521844,0 -60.198564,-14.522008,0 -60.19869,-14.522088,0 -60.198889,-14.522156,0 -60.199407,-14.52231,0 -60.19967799999999,-14.522388,0 -60.199783,-14.522367,0 -60.199858,-14.5223,0 -60.200092,-14.522027,0 -60.20016999999999,-14.521946,0 -60.20021,-14.521985,0 -60.200172,-14.522048,0 -60.199749,-14.522632,0 -60.199716,-14.52271,0 -60.199724,-14.522777,0 -60.199765,-14.52285,0 -60.200073,-14.523001,0 -60.200204,-14.523045,0 -60.200282,-14.523112,0 -60.200323,-14.523185,0 -60.200379,-14.523271,0 -60.200478,-14.523341,0 -60.200585,-14.523388,0 -60.200693,-14.523429,0 -60.200768,-14.523481,0 -60.20082899999999,-14.523549,0 -60.200899,-14.523643,0 -60.20098,-14.52378,0 -60.20105699999999,-14.52391,0 -60.2011,-14.523983,0 -60.201186,-14.524066,0 -60.20126100000001,-14.524123,0 -60.20140900000001,-14.524178,0 -60.20152399999999,-14.524198,0 -60.20152700000001,-14.524263,0 -60.201422,-14.524261,0 -60.201304,-14.524214,0 -60.200886,-14.524118,0 -60.200304,-14.523947,0 -60.199781,-14.52376,0 -60.199391,-14.523561,0 -60.199256,-14.523488,0 -60.19907700000001,-14.523421,0 -60.19891,-14.523322,0 -60.198817,-14.523247,0 -60.198704,-14.523234,0 -60.198594,-14.523223,0 -60.19842000000001,-14.523234,0 -60.19828499999999,-14.523231,0 -60.19821,-14.523133,0 -60.19816500000001,-14.523029,0 -60.19808199999999,-14.52292,0 -60.198028,-14.522816,0 -60.19797499999999,-14.52273,0 -60.197905,-14.522691,0 -60.197792,-14.522696,0 -60.19768,-14.522782,0 -60.197634,-14.522886,0 -60.197642,-14.522992,0 -60.197674,-14.523143,0 -60.197564,-14.523113,0 -60.197513,-14.522981,0 -60.197331,-14.522497,0 -60.197165,-14.522266,0 -60.197064,-14.522112,0 -60.196806,-14.521956,0 -60.19661000000001,-14.521719,0 -60.196545,-14.521568,0 -60.196435,-14.52142,0 -60.196341,-14.521329,0 -60.19624699999999,-14.521266,0 -60.196156,-14.521202,0 -60.19604400000001,-14.521181,0 -60.19602999999999,-14.521326,0 -60.196097,-14.521456,0 -60.196186,-14.521544,0 -60.19624699999999,-14.521646,0 -60.19627999999999,-14.521749,0 -60.196309,-14.521848,0 -60.196275,-14.521944,0 -60.19617499999999,-14.521934,0 -60.196057,-14.521858,0 -60.195891,-14.521674,0 -60.195754,-14.521456,0 -60.195679,-14.521287,0 -60.195768,-14.521173,0 -60.195907,-14.521183,0 -60.196046,-14.521181,0 -60.196157,-14.521202,0 -60.196063,-14.52102,0 -60.19586499999999,-14.520897,0 -60.195342,-14.520596,0 -60.195066,-14.520466,0 -60.19491,-14.52038,0 -60.19459100000001,-14.520201,0 -60.194296,-14.520069,0 -60.194175,-14.520027,0 -60.194064,-14.519942,0 -60.19402699999999,-14.519838,0 -60.193922,-14.519776,0 -60.19366699999999,-14.519706,0 -60.193469,-14.519607,0 -60.19340700000001,-14.51955,0 -60.19345299999999,-14.519161,0 -60.191478,-14.526632,0 
					</coordinates>
				</LinearRing>
			</outerBoundaryIs>
		</Polygon>
	</Placemark>
	<Placemark>
		<name>62e07d6d-f797-428b-a364-b3b9c0510e14</name>
		<styleUrl>#fazenda_kaiman_1_2025_12_11_08_10_39_style</styleUrl>
		<Region>
			<LatLonAltBox>
				<north>-14.525603</north>
				<south>-14.533601</south>
				<east>-60.184146</east>
				<west>-60.190618</west>
				<minAltitude>0</minAltitude>
				<maxAltitude>0</maxAltitude>
			</LatLonAltBox>
		</Region>
		<ExtendedData>
			<SchemaData schemaUrl="#J_fazenda_kaiman_1_2025_12_11_08_10_39_DSSDSSSS">
				<SimpleData name="area_hectares">37.83</SimpleData>
				<SimpleData name="cropType">Braquiária</SimpleData>
				<SimpleData name="fillColour">#31a6c5</SimpleData>
				<SimpleData name="grazableArea_hectares">37.83</SimpleData>
				<SimpleData name="pastureState">Grazing</SimpleData>
				<SimpleData name="title">MT - Pasto 06</SimpleData>
				<SimpleData name="type">paddock</SimpleData>
				<SimpleData name="vegetation"></SimpleData>
			</SchemaData>
		</ExtendedData>
		<Polygon>
			<tessellate>1</tessellate>
			<outerBoundaryIs>
				<LinearRing>
					<coordinates>
						-60.187114,-14.525603,0 -60.186718,-14.525854,0 -60.185865,-14.525761,0 -60.18414600000001,-14.532213,0 -60.1898,-14.533601,0 -60.1898,-14.533305,0 -60.19016499999999,-14.532848,0 -60.190331,-14.532693,0 -60.190444,-14.532506,0 -60.19061799999999,-14.53218,0 -60.19038200000001,-14.531396,0 -60.190328,-14.531053,0 -60.190235,-14.53088,0 -60.18979,-14.530262,0 -60.18965099999999,-14.52995,0 -60.189785,-14.529592,0 -60.18983799999999,-14.529441,0 -60.189784,-14.529324,0 -60.18876,-14.528093,0 -60.187811,-14.5265,0 -60.187675,-14.526229,0 -60.187422,-14.526078,0 -60.18730999999999,-14.525829,0 -60.18737400000001,-14.525664,0 -60.187114,-14.525603,0 
					</coordinates>
				</LinearRing>
			</outerBoundaryIs>
		</Polygon>
	</Placemark>
	<Placemark>
		<name>63435841-a99a-4bce-97a2-4bcddd5782bd</name>
		<styleUrl>#fazenda_kaiman_1_2025_12_11_08_10_39_style</styleUrl>
		<Region>
			<LatLonAltBox>
				<north>-14.531664</north>
				<south>-14.537876</south>
				<east>-60.198724</east>
				<west>-60.208823</west>
				<minAltitude>0</minAltitude>
				<maxAltitude>0</maxAltitude>
			</LatLonAltBox>
		</Region>
		<ExtendedData>
			<SchemaData schemaUrl="#J_fazenda_kaiman_1_2025_12_11_08_10_39_DSSDSSSS">
				<SimpleData name="area_hectares">44.89</SimpleData>
				<SimpleData name="cropType">Braquiária</SimpleData>
				<SimpleData name="fillColour">#31a6c5</SimpleData>
				<SimpleData name="grazableArea_hectares">44.89</SimpleData>
				<SimpleData name="pastureState">Grazing</SimpleData>
				<SimpleData name="title">MT - Pasto 02</SimpleData>
				<SimpleData name="type">paddock</SimpleData>
				<SimpleData name="vegetation"></SimpleData>
			</SchemaData>
		</ExtendedData>
		<Polygon>
			<tessellate>1</tessellate>
			<outerBoundaryIs>
				<LinearRing>
					<coordinates>
						-60.199746,-14.531664,0 -60.198724,-14.535419,0 -60.208097,-14.537876,0 -60.20817199999999,-14.537824,0 -60.208168,-14.53774,0 -60.20821100000001,-14.537637,0 -60.208262,-14.537584,0 -60.20834000000001,-14.537526,0 -60.208394,-14.537456,0 -60.208525,-14.537316,0 -60.208638,-14.53721,0 -60.20874,-14.537038,0 -60.208823,-14.536818,0 -60.20880699999999,-14.536649,0 -60.20874,-14.536509,0 -60.208644,-14.536242,0 -60.208523,-14.535873,0 -60.207819,-14.53392,0 -60.207541,-14.533729,0 -60.207375,-14.53361,0 -60.207344,-14.53347,0 -60.20291699999999,-14.532418,0 -60.20014499999999,-14.531759,0 -60.199746,-14.531664,0 
					</coordinates>
				</LinearRing>
			</outerBoundaryIs>
		</Polygon>
	</Placemark>
	<Placemark>
		<name>638dc601-ef6f-49d2-bfd4-f482f941bfb2</name>
		<styleUrl>#fazenda_kaiman_1_2025_12_11_08_10_39_style</styleUrl>
		<Region>
			<LatLonAltBox>
				<north>-14.503305</north>
				<south>-14.506669</south>
				<east>-60.199027</east>
				<west>-60.207101</west>
				<minAltitude>0</minAltitude>
				<maxAltitude>0</maxAltitude>
			</LatLonAltBox>
		</Region>
		<ExtendedData>
			<SchemaData schemaUrl="#J_fazenda_kaiman_1_2025_12_11_08_10_39_DSSDSSSS">
				<SimpleData name="area_hectares">18.1115429757</SimpleData>
				<SimpleData name="cropType">Braquiária</SimpleData>
				<SimpleData name="fillColour">#efcb19</SimpleData>
				<SimpleData name="grazableArea_hectares">18.1115429757</SimpleData>
				<SimpleData name="pastureState">Grazing</SimpleData>
				<SimpleData name="title">KM - Pasto 02 B</SimpleData>
				<SimpleData name="type">paddock</SimpleData>
				<SimpleData name="vegetation"></SimpleData>
			</SchemaData>
		</ExtendedData>
		<Polygon>
			<tessellate>1</tessellate>
			<outerBoundaryIs>
				<LinearRing>
					<coordinates>
						-60.206463,-14.506669,0 -60.20710099999999,-14.504367,0 -60.202013,-14.503305,0 -60.200418,-14.503626,0 -60.199097,-14.504606,0 -60.19906900000001,-14.504662,0 -60.19902699999999,-14.504724,0 -60.19911199999999,-14.504753,0 -60.200767,-14.505184,0 -60.204708,-14.506212,0 -60.206463,-14.506669,0 
					</coordinates>
				</LinearRing>
			</outerBoundaryIs>
		</Polygon>
	</Placemark>
	<Placemark>
		<name>6400c78b-1029-4d84-8dec-8095eea22c5b</name>
		<styleUrl>#fazenda_kaiman_1_2025_12_11_08_10_39_style</styleUrl>
		<Region>
			<LatLonAltBox>
				<north>-14.556853</north>
				<south>-14.56346</south>
				<east>-60.19745</east>
				<west>-60.205227</west>
				<minAltitude>0</minAltitude>
				<maxAltitude>0</maxAltitude>
			</LatLonAltBox>
		</Region>
		<ExtendedData>
			<SchemaData schemaUrl="#J_fazenda_kaiman_1_2025_12_11_08_10_39_DSSDSSSS">
				<SimpleData name="area_hectares">27.9</SimpleData>
				<SimpleData name="cropType">Braquiária</SimpleData>
				<SimpleData name="fillColour">#31a6c5</SimpleData>
				<SimpleData name="grazableArea_hectares">27.9</SimpleData>
				<SimpleData name="pastureState">Grazing</SimpleData>
				<SimpleData name="title">MT - Pasto 15</SimpleData>
				<SimpleData name="type">paddock</SimpleData>
				<SimpleData name="vegetation"></SimpleData>
			</SchemaData>
		</ExtendedData>
		<Polygon>
			<tessellate>1</tessellate>
			<outerBoundaryIs>
				<LinearRing>
					<coordinates>
						-60.201795,-14.557106,0 -60.201801,-14.557223,0 -60.201938,-14.557436,0 -60.20199099999999,-14.557646,0 -60.20199399999999,-14.557789,0 -60.202034,-14.558133,0 -60.202075,-14.558307,0 -60.20212,-14.558447,0 -60.202182,-14.558579,0 -60.202292,-14.558727,0 -60.202367,-14.558883,0 -60.20245300000001,-14.559099,0 -60.202477,-14.559171,0 -60.202563,-14.559265,0 -60.202708,-14.559392,0 -60.202724,-14.559516,0 -60.202808,-14.559646,0 -60.20282899999999,-14.559802,0 -60.202781,-14.559927,0 -60.20262799999999,-14.560095,0 -60.202553,-14.56021,0 -60.202539,-14.560311,0 -60.20254700000001,-14.56042,0 -60.202633,-14.560578,0 -60.20269999999999,-14.560687,0 -60.20278600000001,-14.56082,0 -60.202778,-14.560931,0 -60.202746,-14.561086,0 -60.20266500000001,-14.561232,0 -60.20246099999999,-14.561382,0 -60.20212900000001,-14.561408,0 -60.201823,-14.561216,0 -60.2017,-14.56106,0 -60.201533,-14.560946,0 -60.20134600000001,-14.560941,0 -60.201378,-14.561102,0 -60.201474,-14.561372,0 -60.20147999999999,-14.561467,0 -60.198138,-14.560788,0 -60.19745,-14.56346,0 -60.197646,-14.563455,0 -60.198007,-14.563417,0 -60.198913,-14.563342,0 -60.203682,-14.563007,0 -60.203819,-14.562958,0 -60.20391500000001,-14.562714,0 -60.204146,-14.561837,0 -60.204589,-14.560186,0 -60.205015,-14.558653,0 -60.205227,-14.55793,0 -60.204919,-14.557439,0 -60.204943,-14.557277,0 -60.205116,-14.556853,0 -60.201795,-14.557106,0 
					</coordinates>
				</LinearRing>
			</outerBoundaryIs>
		</Polygon>
	</Placemark>
	<Placemark>
		<name>6a734533-4812-4515-b1a6-24efc4902208</name>
		<styleUrl>#fazenda_kaiman_1_2025_12_11_08_10_39_style</styleUrl>
		<Region>
			<LatLonAltBox>
				<north>-14.513898</north>
				<south>-14.523426</south>
				<east>-60.215335</east>
				<west>-60.219776</west>
				<minAltitude>0</minAltitude>
				<maxAltitude>0</maxAltitude>
			</LatLonAltBox>
		</Region>
		<ExtendedData>
			<SchemaData schemaUrl="#J_fazenda_kaiman_1_2025_12_11_08_10_39_DSSDSSSS">
				<SimpleData name="area_hectares">28.3</SimpleData>
				<SimpleData name="cropType">Braquiária</SimpleData>
				<SimpleData name="fillColour">#efcb19</SimpleData>
				<SimpleData name="grazableArea_hectares">28.3</SimpleData>
				<SimpleData name="pastureState">Grazing</SimpleData>
				<SimpleData name="title">KM - Pasto 24 A</SimpleData>
				<SimpleData name="type">paddock</SimpleData>
				<SimpleData name="vegetation"></SimpleData>
			</SchemaData>
		</ExtendedData>
		<Polygon>
			<tessellate>1</tessellate>
			<outerBoundaryIs>
				<LinearRing>
					<coordinates>
						-60.219776,-14.514628,0 -60.216857,-14.513898,0 -60.216736,-14.513955,0 -60.216758,-14.514051,0 -60.21683,-14.514155,0 -60.216819,-14.514256,0 -60.216857,-14.514422,0 -60.216897,-14.514544,0 -60.21687799999999,-14.514656,0 -60.216911,-14.514806,0 -60.216908,-14.514863,0 -60.21690499999999,-14.514956,0 -60.216887,-14.515063,0 -60.216819,-14.515123,0 -60.216696,-14.515172,0 -60.216597,-14.51513,0 -60.21653199999999,-14.515091,0 -60.21642500000001,-14.515086,0 -60.216391,-14.515124,0 -60.216538,-14.515256,0 -60.21715499999999,-14.515807,0 -60.215335,-14.522788,0 -60.218049,-14.523426,0 -60.219776,-14.514628,0 
					</coordinates>
				</LinearRing>
			</outerBoundaryIs>
		</Polygon>
	</Placemark>
	<Placemark>
		<name>6c5f9df9-bc4f-444a-bf83-e806ac81be84</name>
		<styleUrl>#fazenda_kaiman_1_2025_12_11_08_10_39_style</styleUrl>
		<Region>
			<LatLonAltBox>
				<north>-14.557787</north>
				<south>-14.564224</south>
				<east>-60.185282</east>
				<west>-60.192537</west>
				<minAltitude>0</minAltitude>
				<maxAltitude>0</maxAltitude>
			</LatLonAltBox>
		</Region>
		<ExtendedData>
			<SchemaData schemaUrl="#J_fazenda_kaiman_1_2025_12_11_08_10_39_DSSDSSSS">
				<SimpleData name="area_hectares">39.74</SimpleData>
				<SimpleData name="cropType">Braquiária</SimpleData>
				<SimpleData name="fillColour">#31a6c5</SimpleData>
				<SimpleData name="grazableArea_hectares">39.74</SimpleData>
				<SimpleData name="pastureState">Grazing</SimpleData>
				<SimpleData name="title">MT - Pasto 21</SimpleData>
				<SimpleData name="type">paddock</SimpleData>
				<SimpleData name="vegetation"></SimpleData>
			</SchemaData>
		</ExtendedData>
		<Polygon>
			<tessellate>1</tessellate>
			<outerBoundaryIs>
				<LinearRing>
					<coordinates>
						-60.186888,-14.558213,0 -60.185282,-14.564224,0 -60.190763,-14.5638,0 -60.19091999999999,-14.563682,0 -60.191032,-14.563305,0 -60.192537,-14.557787,0 -60.186888,-14.558213,0 
					</coordinates>
				</LinearRing>
			</outerBoundaryIs>
		</Polygon>
	</Placemark>
	<Placemark>
		<name>6dc5d641-c8e3-40a8-ae46-9a7545de60fb</name>
		<styleUrl>#fazenda_kaiman_1_2025_12_11_08_10_39_style</styleUrl>
		<Region>
			<LatLonAltBox>
				<north>-14.515182</north>
				<south>-14.521848</south>
				<east>-60.207915</east>
				<west>-60.216154</west>
				<minAltitude>0</minAltitude>
				<maxAltitude>0</maxAltitude>
			</LatLonAltBox>
		</Region>
		<ExtendedData>
			<SchemaData schemaUrl="#J_fazenda_kaiman_1_2025_12_11_08_10_39_DSSDSSSS">
				<SimpleData name="area_hectares">24.25</SimpleData>
				<SimpleData name="cropType">Braquiária</SimpleData>
				<SimpleData name="fillColour">#efcb19</SimpleData>
				<SimpleData name="grazableArea_hectares">24.25</SimpleData>
				<SimpleData name="pastureState">Grazing</SimpleData>
				<SimpleData name="title">KM - Pasto 19</SimpleData>
				<SimpleData name="type">paddock</SimpleData>
				<SimpleData name="vegetation"></SimpleData>
			</SchemaData>
		</ExtendedData>
		<Polygon>
			<tessellate>1</tessellate>
			<outerBoundaryIs>
				<LinearRing>
					<coordinates>
						-60.2113,-14.521841,0 -60.21113400000001,-14.521802,0 -60.207915,-14.521043,0 -60.208932,-14.517309,0 -60.21073799999999,-14.51773,0 -60.215518,-14.515431,0 -60.21569099999999,-14.51538,0 -60.21573799999999,-14.515417,0 -60.215768,-14.515448,0 -60.215772,-14.515485,0 -60.21571900000001,-14.515526,0 -60.215689,-14.515557,0 -60.215688,-14.515596,0 -60.215712,-14.515622,0 -60.215712,-14.515665,0 -60.21571599999999,-14.515719,0 -60.215751,-14.515748,0 -60.215819,-14.515768,0 -60.215852,-14.51574,0 -60.215846,-14.515688,0 -60.215846,-14.515645,0 -60.215878,-14.515594,0 -60.215929,-14.515541,0 -60.21595800000001,-14.515491,0 -60.215978,-14.515436,0 -60.216002,-14.51537,0 -60.216014,-14.515292,0 -60.21603,-14.515216,0 -60.216048,-14.515182,0 -60.216104,-14.515184,0 -60.216154,-14.515195,0 -60.216151,-14.515223,0 -60.216066,-14.515431,0 -60.215744,-14.516222,0 -60.215731,-14.516252,0 -60.215665,-14.516309,0 -60.214552,-14.517273,0 -60.21278999999999,-14.5188,0 -60.21204,-14.519453,0 -60.212025,-14.519504,0 -60.21132900000001,-14.521848,0 -60.2113,-14.521841,0 
					</coordinates>
				</LinearRing>
			</outerBoundaryIs>
		</Polygon>
	</Placemark>
	<Placemark>
		<name>71b96661-e947-4643-92eb-36edbebc920c</name>
		<styleUrl>#fazenda_kaiman_1_2025_12_11_08_10_39_style</styleUrl>
		<Region>
			<LatLonAltBox>
				<north>-14.498561</north>
				<south>-14.501736</south>
				<east>-60.204</east>
				<west>-60.208153</west>
				<minAltitude>0</minAltitude>
				<maxAltitude>0</maxAltitude>
			</LatLonAltBox>
		</Region>
		<ExtendedData>
			<SchemaData schemaUrl="#J_fazenda_kaiman_1_2025_12_11_08_10_39_DSSDSSSS">
				<SimpleData name="area_hectares">9.29289992795</SimpleData>
				<SimpleData name="cropType">Braquiária</SimpleData>
				<SimpleData name="fillColour">#efcb19</SimpleData>
				<SimpleData name="grazableArea_hectares">9.29289992795</SimpleData>
				<SimpleData name="pastureState">Grazing</SimpleData>
				<SimpleData name="title">KM - Piquete 01</SimpleData>
				<SimpleData name="type">paddock</SimpleData>
				<SimpleData name="vegetation"></SimpleData>
			</SchemaData>
		</ExtendedData>
		<Polygon>
			<tessellate>1</tessellate>
			<outerBoundaryIs>
				<LinearRing>
					<coordinates>
						-60.206924,-14.501736,0 -60.20400000000001,-14.50112,0 -60.204436,-14.498561,0 -60.20451299999999,-14.498576,0 -60.20756799999999,-14.499568,0 -60.207562,-14.499607,0 -60.20757400000001,-14.499657,0 -60.207612,-14.499687,0 -60.20761999999999,-14.499718,0 -60.20760899999999,-14.499765,0 -60.20763099999999,-14.49979,0 -60.207629,-14.49983,0 -60.207627,-14.499882,0 -60.207643,-14.499935,0 -60.20771,-14.499991,0 -60.20775500000001,-14.500031,0 -60.207779,-14.500114,0 -60.207811,-14.500195,0 -60.20784900000001,-14.500253,0 -60.207891,-14.500287,0 -60.20797699999999,-14.500319,0 -60.20806,-14.500354,0 -60.20812600000001,-14.500369,0 -60.208153,-14.5004,0 -60.208152,-14.500456,0 -60.20813099999999,-14.500487,0 -60.208004,-14.500444,0 -60.207883,-14.500419,0 -60.207745,-14.500366,0 -60.207671,-14.500345,0 -60.207572,-14.50031,0 -60.20752399999999,-14.500272,0 -60.20747,-14.500254,0 -60.207402,-14.500258,0 -60.207405,-14.500322,0 -60.207421,-14.500375,0 -60.207366,-14.500515,0 -60.207313,-14.500707,0 -60.20728500000001,-14.500776,0 -60.20722500000001,-14.500971,0 -60.207016,-14.500894,0 -60.206796,-14.501377,0 -60.206868,-14.50143,0 -60.20684799999999,-14.501505,0 -60.20683699999999,-14.501559,0 -60.206844,-14.501621,0 -60.206859,-14.501673,0 -60.20692300000001,-14.501681,0 -60.206924,-14.501736,0 
					</coordinates>
				</LinearRing>
			</outerBoundaryIs>
		</Polygon>
	</Placemark>
	<Placemark>
		<name>72816990-2f3c-4083-9c31-fd844ff34cfe</name>
		<styleUrl>#fazenda_kaiman_1_2025_12_11_08_10_39_style</styleUrl>
		<Region>
			<LatLonAltBox>
				<north>-14.497162</north>
				<south>-14.503244</south>
				<east>-60.22361</east>
				<west>-60.227686</west>
				<minAltitude>0</minAltitude>
				<maxAltitude>0</maxAltitude>
			</LatLonAltBox>
		</Region>
		<ExtendedData>
			<SchemaData schemaUrl="#J_fazenda_kaiman_1_2025_12_11_08_10_39_DSSDSSSS">
				<SimpleData name="area_hectares">18.99</SimpleData>
				<SimpleData name="cropType">Braquiária</SimpleData>
				<SimpleData name="fillColour">#efcb19</SimpleData>
				<SimpleData name="grazableArea_hectares">18.99</SimpleData>
				<SimpleData name="pastureState">Grazing</SimpleData>
				<SimpleData name="title">KM - Pasto 27 C</SimpleData>
				<SimpleData name="type">paddock</SimpleData>
				<SimpleData name="vegetation"></SimpleData>
			</SchemaData>
		</ExtendedData>
		<Polygon>
			<tessellate>1</tessellate>
			<outerBoundaryIs>
				<LinearRing>
					<coordinates>
						-60.22361,-14.501562,0 -60.226719,-14.503244,0 -60.226698,-14.503065,0 -60.226821,-14.502753,0 -60.226824,-14.502644,0 -60.22674300000001,-14.502431,0 -60.226722,-14.502203,0 -60.226783,-14.50201,0 -60.226912,-14.501904,0 -60.227044,-14.501888,0 -60.227124,-14.501808,0 -60.227156,-14.501774,0 -60.227236,-14.501589,0 -60.227442,-14.500932,0 -60.227601,-14.500293,0 -60.227601,-14.500158,0 -60.227532,-14.499943,0 -60.227456,-14.499797,0 -60.227448,-14.499572,0 -60.227528,-14.499227,0 -60.227649,-14.498964,0 -60.227686,-14.498759,0 -60.227682,-14.498602,0 -60.227598,-14.498493,0 -60.22749900000001,-14.498213,0 -60.227507,-14.497943,0 -60.22747099999999,-14.497755,0 -60.227299,-14.497618,0 -60.226953,-14.497581,0 -60.22664399999999,-14.497494,0 -60.226274,-14.497401,0 -60.225984,-14.497313,0 -60.225654,-14.49731,0 -60.225381,-14.497232,0 -60.225206,-14.497162,0 -60.224986,-14.497791,0 -60.224607,-14.498829,0 -60.22408,-14.500273,0 -60.22361,-14.501562,0 
					</coordinates>
				</LinearRing>
			</outerBoundaryIs>
		</Polygon>
	</Placemark>
	<Placemark>
		<name>73173660-01cc-4093-af8c-a6ba8e52d306</name>
		<styleUrl>#fazenda_kaiman_1_2025_12_11_08_10_39_style</styleUrl>
		<Region>
			<LatLonAltBox>
				<north>-14.550701</north>
				<south>-14.557106</south>
				<east>-60.200135</east>
				<west>-60.207079</west>
				<minAltitude>0</minAltitude>
				<maxAltitude>0</maxAltitude>
			</LatLonAltBox>
		</Region>
		<ExtendedData>
			<SchemaData schemaUrl="#J_fazenda_kaiman_1_2025_12_11_08_10_39_DSSDSSSS">
				<SimpleData name="area_hectares">29.15</SimpleData>
				<SimpleData name="cropType">Braquiária</SimpleData>
				<SimpleData name="fillColour">#31a6c5</SimpleData>
				<SimpleData name="grazableArea_hectares">29.15</SimpleData>
				<SimpleData name="pastureState">Grazing</SimpleData>
				<SimpleData name="title">MT - Pasto 16</SimpleData>
				<SimpleData name="type">paddock</SimpleData>
				<SimpleData name="vegetation"></SimpleData>
			</SchemaData>
		</ExtendedData>
		<Polygon>
			<tessellate>1</tessellate>
			<outerBoundaryIs>
				<LinearRing>
					<coordinates>
						-60.20168,-14.551118,0 -60.20013500000001,-14.551288,0 -60.201796,-14.553078,0 -60.201304,-14.553537,0 -60.202145,-14.554296,0 -60.202325,-14.554753,0 -60.20213699999999,-14.555298,0 -60.20189000000001,-14.555734,0 -60.201767,-14.556265,0 -60.201804,-14.556986,0 -60.201795,-14.557106,0 -60.205116,-14.556853,0 -60.205397,-14.556109,0 -60.205491,-14.556003,0 -60.205666,-14.555935,0 -60.205858,-14.555384,0 -60.205955,-14.555023,0 -60.205976,-14.554812,0 -60.20334900000001,-14.554737,0 -60.203092,-14.554613,0 -60.20308399999999,-14.554504,0 -60.20318,-14.554413,0 -60.203465,-14.554402,0 -60.2034,-14.554231,0 -60.20328799999999,-14.554049,0 -60.203317,-14.553953,0 -60.203341,-14.55381,0 -60.20316699999999,-14.55345,0 -60.203006,-14.55324,0 -60.202778,-14.552934,0 -60.202789,-14.552788,0 -60.202971,-14.552747,0 -60.203153,-14.552731,0 -60.20326299999999,-14.552666,0 -60.203408,-14.552716,0 -60.20349400000001,-14.55283,0 -60.203564,-14.552934,0 -60.203548,-14.553035,0 -60.20360099999999,-14.553155,0 -60.203636,-14.553414,0 -60.203644,-14.553591,0 -60.203658,-14.5537,0 -60.203781,-14.55371,0 -60.203853,-14.55363,0 -60.203848,-14.553487,0 -60.20372200000001,-14.553362,0 -60.203652,-14.553191,0 -60.203682,-14.553126,0 -60.203776,-14.5531,0 -60.2038,-14.553025,0 -60.203977,-14.552981,0 -60.204099,-14.553057,0 -60.204152,-14.553122,0 -60.204126,-14.553169,0 -60.204072,-14.553291,0 -60.204051,-14.553428,0 -60.204059,-14.553517,0 -60.20411800000001,-14.553608,0 -60.204195,-14.553649,0 -60.204311,-14.553631,0 -60.204372,-14.553543,0 -60.204402,-14.55347,0 -60.204262,-14.553335,0 -60.20423,-14.553213,0 -60.204364,-14.5532,0 -60.20441,-14.553153,0 -60.204405,-14.55307,0 -60.20424899999999,-14.552976,0 -60.204045,-14.552927,0 -60.203882,-14.552815,0 -60.203812,-14.552686,0 -60.203927,-14.552605,0 -60.204102,-14.552551,0 -60.204284,-14.552605,0 -60.20441,-14.552688,0 -60.20444200000001,-14.552779,0 -60.204504,-14.552872,0 -60.204498,-14.552948,0 -60.204405,-14.55307,0 -60.20457,-14.553079,0 -60.204701,-14.553188,0 -60.204693,-14.553235,0 -60.204787,-14.553357,0 -60.204806,-14.553434,0 -60.20476,-14.553489,0 -60.204465,-14.553611,0 -60.20439300000001,-14.553671,0 -60.204385,-14.55379,0 -60.20438200000001,-14.553876,0 -60.204543,-14.553923,0 -60.204573,-14.553795,0 -60.204508,-14.553694,0 -60.20454100000001,-14.553611,0 -60.204757,-14.553491,0 -60.20486500000001,-14.553512,0 -60.20483800000001,-14.553603,0 -60.204793,-14.553676,0 -60.204693,-14.553707,0 -60.204565,-14.553717,0 -60.204572,-14.5538,0 -60.204683,-14.553821,0 -60.204817,-14.553801,0 -60.20483800000001,-14.553754,0 -60.20483800000001,-14.553681,0 -60.20486999999999,-14.553606,0 -60.204986,-14.553608,0 -60.20509300000001,-14.553704,0 -60.205157,-14.553751,0 -60.205224,-14.553819,0 -60.205278,-14.553897,0 -60.205235,-14.554003,0 -60.20510400000001,-14.55399,0 -60.2049,-14.553954,0 -60.204801,-14.553891,0 -60.204693,-14.553889,0 -60.204661,-14.553941,0 -60.204731,-14.553995,0 -60.204908,-14.554068,0 -60.205055,-14.554112,0 -60.20508800000001,-14.554185,0 -60.205182,-14.554219,0 -60.205214,-14.554125,0 -60.205224,-14.554065,0 -60.205235,-14.554003,0 -60.205265,-14.554052,0 -60.20532899999999,-14.554089,0 -60.205406,-14.554139,0 -60.205407,-14.554219,0 -60.205415,-14.554303,0 -60.205463,-14.554335,0 -60.205518,-14.554312,0 -60.205587,-14.554277,0 -60.205656,-14.554283,0 -60.205765,-14.554277,0 -60.20583500000001,-14.554343,0 -60.205872,-14.554396,0 -60.205923,-14.554441,0 -60.20593899999999,-14.554468,0 -60.205998,-14.554481,0 -60.20600999999999,-14.554529,0 -60.20600000000001,-14.554591,0 -60.205993,-14.554646,0 -60.20595300000001,-14.554676,0 -60.205922,-14.554717,0 -60.20586999999999,-14.554751,0 -60.20577400000001,-14.554722,0 -60.20567499999999,-14.554711,0 -60.20557100000001,-14.554727,0 -60.20552,-14.554756,0 -60.20554400000001,-14.5548,0 -60.205976,-14.554812,0 -60.206089,-14.554466,0 -60.206165,-14.55422,0 -60.20662,-14.552414,0 -60.20707899999999,-14.55072,0 -60.207004,-14.550701,0 -60.20168,-14.551118,0 
					</coordinates>
				</LinearRing>
			</outerBoundaryIs>
		</Polygon>
	</Placemark>
	<Placemark>
		<name>7536bec1-43e7-4f6e-8b04-a7b344ea50f4</name>
		<styleUrl>#fazenda_kaiman_1_2025_12_11_08_10_39_style</styleUrl>
		<Region>
			<LatLonAltBox>
				<north>-14.49614</north>
				<south>-14.50112</south>
				<east>-60.202364</east>
				<west>-60.208228</west>
				<minAltitude>0</minAltitude>
				<maxAltitude>0</maxAltitude>
			</LatLonAltBox>
		</Region>
		<ExtendedData>
			<SchemaData schemaUrl="#J_fazenda_kaiman_1_2025_12_11_08_10_39_DSSDSSSS">
				<SimpleData name="area_hectares">18.972022738</SimpleData>
				<SimpleData name="cropType">Braquiária</SimpleData>
				<SimpleData name="fillColour">#efcb19</SimpleData>
				<SimpleData name="grazableArea_hectares">18.972022738</SimpleData>
				<SimpleData name="pastureState">Grazing</SimpleData>
				<SimpleData name="title">KM - Pasto 01</SimpleData>
				<SimpleData name="type">paddock</SimpleData>
				<SimpleData name="vegetation"></SimpleData>
			</SchemaData>
		</ExtendedData>
		<Polygon>
			<tessellate>1</tessellate>
			<outerBoundaryIs>
				<LinearRing>
					<coordinates>
						-60.20400000000001,-14.50112,0 -60.202364,-14.500768,0 -60.20333,-14.49614,0 -60.208228,-14.497196,0 -60.208111,-14.499307,0 -60.208073,-14.499287,0 -60.208023,-14.499294,0 -60.20799099999999,-14.499329,0 -60.207952,-14.499353,0 -60.20791,-14.499373,0 -60.207877,-14.499394,0 -60.207847,-14.499413,0 -60.2078,-14.499443,0 -60.20778,-14.499422,0 -60.207756,-14.499404,0 -60.207708,-14.499404,0 -60.207688,-14.499427,0 -60.207676,-14.499452,0 -60.207676,-14.499474,0 -60.20765299999999,-14.4995,0 -60.207629,-14.499526,0 -60.20759499999999,-14.499544,0 -60.20756799999999,-14.499568,0 -60.20453499999999,-14.498583,0 -60.20450199999999,-14.498574,0 -60.204436,-14.498561,0 -60.204183,-14.500049,0 -60.20401100000001,-14.501055,0 -60.20400000000001,-14.50112,0 
					</coordinates>
				</LinearRing>
			</outerBoundaryIs>
		</Polygon>
	</Placemark>
	<Placemark>
		<name>756bf843-f41e-4c8c-ba52-74cf91db42ba</name>
		<styleUrl>#fazenda_kaiman_1_2025_12_11_08_10_39_style</styleUrl>
		<Region>
			<LatLonAltBox>
				<north>-14.501429</north>
				<south>-14.50643</south>
				<east>-60.218664</east>
				<west>-60.226719</west>
				<minAltitude>0</minAltitude>
				<maxAltitude>0</maxAltitude>
			</LatLonAltBox>
		</Region>
		<ExtendedData>
			<SchemaData schemaUrl="#J_fazenda_kaiman_1_2025_12_11_08_10_39_DSSDSSSS">
				<SimpleData name="area_hectares">19.64</SimpleData>
				<SimpleData name="cropType">Braquiária</SimpleData>
				<SimpleData name="fillColour">#efcb19</SimpleData>
				<SimpleData name="grazableArea_hectares">19.64</SimpleData>
				<SimpleData name="pastureState">Grazing</SimpleData>
				<SimpleData name="title">KM - Pasto 27</SimpleData>
				<SimpleData name="type">paddock</SimpleData>
				<SimpleData name="vegetation"></SimpleData>
			</SchemaData>
		</ExtendedData>
		<Polygon>
			<tessellate>1</tessellate>
			<outerBoundaryIs>
				<LinearRing>
					<coordinates>
						-60.223362,-14.501429,0 -60.226719,-14.503244,0 -60.226703,-14.503336,0 -60.22666599999999,-14.503419,0 -60.226588,-14.503603,0 -60.226569,-14.503777,0 -60.226568,-14.503932,0 -60.226592,-14.504106,0 -60.226565,-14.504319,0 -60.226506,-14.504545,0 -60.226411,-14.504852,0 -60.22635,-14.505099,0 -60.226232,-14.505356,0 -60.226223,-14.505524,0 -60.22616900000001,-14.505773,0 -60.226121,-14.506033,0 -60.226086,-14.50624,0 -60.226098,-14.50643,0 -60.218997,-14.50463,0 -60.21867200000001,-14.504536,0 -60.218664,-14.504453,0 -60.218695,-14.504398,0 -60.221906,-14.504833,0 -60.222277,-14.503979,0 -60.223362,-14.501429,0 
					</coordinates>
				</LinearRing>
			</outerBoundaryIs>
		</Polygon>
	</Placemark>
	<Placemark>
		<name>787f4b82-74d2-4465-853a-d939eed5d6d8</name>
		<styleUrl>#fazenda_kaiman_1_2025_12_11_08_10_39_style</styleUrl>
		<Region>
			<LatLonAltBox>
				<north>-14.494351</north>
				<south>-14.498623</south>
				<east>-60.19454</east>
				<west>-60.198273</west>
				<minAltitude>0</minAltitude>
				<maxAltitude>0</maxAltitude>
			</LatLonAltBox>
		</Region>
		<ExtendedData>
			<SchemaData schemaUrl="#J_fazenda_kaiman_1_2025_12_11_08_10_39_DSSDSSSS">
				<SimpleData name="area_hectares">12.158894538</SimpleData>
				<SimpleData name="cropType">Braquiária</SimpleData>
				<SimpleData name="fillColour">#efcb19</SimpleData>
				<SimpleData name="grazableArea_hectares">12.158894538</SimpleData>
				<SimpleData name="pastureState">Grazing</SimpleData>
				<SimpleData name="title">KM - Pasto 07 A</SimpleData>
				<SimpleData name="type">paddock</SimpleData>
				<SimpleData name="vegetation"></SimpleData>
			</SchemaData>
		</ExtendedData>
		<Polygon>
			<tessellate>1</tessellate>
			<outerBoundaryIs>
				<LinearRing>
					<coordinates>
						-60.195866,-14.494351,0 -60.19560999999999,-14.495415,0 -60.19454,-14.496732,0 -60.194888,-14.496966,0 -60.195087,-14.497166,0 -60.19513500000001,-14.497449,0 -60.195081,-14.497709,0 -60.19532099999999,-14.498623,0 -60.197397,-14.498228,0 -60.19777200000001,-14.496756,0 -60.198273,-14.49479,0 -60.195866,-14.494351,0 
					</coordinates>
				</LinearRing>
			</outerBoundaryIs>
		</Polygon>
	</Placemark>
	<Placemark>
		<name>7ba3eabb-a251-4583-82db-f055f57259c9</name>
		<styleUrl>#fazenda_kaiman_1_2025_12_11_08_10_39_style</styleUrl>
		<Region>
			<LatLonAltBox>
				<north>-14.501583</north>
				<south>-14.504367</south>
				<east>-60.204848</east>
				<west>-60.207759</west>
				<minAltitude>0</minAltitude>
				<maxAltitude>0</maxAltitude>
			</LatLonAltBox>
		</Region>
		<ExtendedData>
			<SchemaData schemaUrl="#J_fazenda_kaiman_1_2025_12_11_08_10_39_DSSDSSSS">
				<SimpleData name="area_hectares">5.94</SimpleData>
				<SimpleData name="cropType">Braquiária</SimpleData>
				<SimpleData name="fillColour">#efcb19</SimpleData>
				<SimpleData name="grazableArea_hectares">5.94</SimpleData>
				<SimpleData name="pastureState">Grazing</SimpleData>
				<SimpleData name="title">KM - Piquete 02</SimpleData>
				<SimpleData name="type">paddock</SimpleData>
				<SimpleData name="vegetation"></SimpleData>
			</SchemaData>
		</ExtendedData>
		<Polygon>
			<tessellate>1</tessellate>
			<outerBoundaryIs>
				<LinearRing>
					<coordinates>
						-60.20484799999999,-14.503897,0 -60.20619500000001,-14.501583,0 -60.20692,-14.501735,0 -60.207759,-14.50196,0 -60.20710099999999,-14.504367,0 -60.20484799999999,-14.503897,0 
					</coordinates>
				</LinearRing>
			</outerBoundaryIs>
		</Polygon>
	</Placemark>
	<Placemark>
		<name>7bf453f2-8562-4799-901c-9119500e481d</name>
		<styleUrl>#fazenda_kaiman_1_2025_12_11_08_10_39_style</styleUrl>
		<Region>
			<LatLonAltBox>
				<north>-14.492188</north>
				<south>-14.496482</south>
				<east>-60.200563</east>
				<west>-60.205591</west>
				<minAltitude>0</minAltitude>
				<maxAltitude>0</maxAltitude>
			</LatLonAltBox>
		</Region>
		<ExtendedData>
			<SchemaData schemaUrl="#J_fazenda_kaiman_1_2025_12_11_08_10_39_DSSDSSSS">
				<SimpleData name="area_hectares">18.3551992619</SimpleData>
				<SimpleData name="cropType">Braquiária</SimpleData>
				<SimpleData name="fillColour">#efcb19</SimpleData>
				<SimpleData name="grazableArea_hectares">18.3551992619</SimpleData>
				<SimpleData name="pastureState">Grazing</SimpleData>
				<SimpleData name="title">KM - Pasto 01 B</SimpleData>
				<SimpleData name="type">paddock</SimpleData>
				<SimpleData name="vegetation"></SimpleData>
			</SchemaData>
		</ExtendedData>
		<Polygon>
			<tessellate>1</tessellate>
			<outerBoundaryIs>
				<LinearRing>
					<coordinates>
						-60.205591,-14.493006,0 -60.20184799999999,-14.492188,0 -60.201592,-14.492298,0 -60.201495,-14.492343,0 -60.20140900000001,-14.492322,0 -60.201041,-14.493718,0 -60.200563,-14.495531,0 -60.200638,-14.495548,0 -60.20491,-14.496482,0 -60.205591,-14.493006,0 
					</coordinates>
				</LinearRing>
			</outerBoundaryIs>
		</Polygon>
	</Placemark>
	<Placemark>
		<name>7e34b43e-23a0-4404-985e-691f53108a96</name>
		<styleUrl>#fazenda_kaiman_1_2025_12_11_08_10_39_style</styleUrl>
		<Region>
			<LatLonAltBox>
				<north>-14.496519</north>
				<south>-14.501562</south>
				<east>-60.220164</east>
				<west>-60.225206</west>
				<minAltitude>0</minAltitude>
				<maxAltitude>0</maxAltitude>
			</LatLonAltBox>
		</Region>
		<ExtendedData>
			<SchemaData schemaUrl="#J_fazenda_kaiman_1_2025_12_11_08_10_39_DSSDSSSS">
				<SimpleData name="area_hectares">18.05</SimpleData>
				<SimpleData name="cropType">Braquiária</SimpleData>
				<SimpleData name="fillColour">#efcb19</SimpleData>
				<SimpleData name="grazableArea_hectares">18.05</SimpleData>
				<SimpleData name="pastureState">Grazing</SimpleData>
				<SimpleData name="title">KM - Pasto 27 B</SimpleData>
				<SimpleData name="type">paddock</SimpleData>
				<SimpleData name="vegetation"></SimpleData>
			</SchemaData>
		</ExtendedData>
		<Polygon>
			<tessellate>1</tessellate>
			<outerBoundaryIs>
				<LinearRing>
					<coordinates>
						-60.220164,-14.499669,0 -60.220196,-14.499547,0 -60.220266,-14.499451,0 -60.220525,-14.499299,0 -60.22059999999999,-14.499063,0 -60.220659,-14.498894,0 -60.22072899999999,-14.498725,0 -60.22077599999999,-14.498528,0 -60.22078200000001,-14.498299,0 -60.220819,-14.498125,0 -60.221012,-14.497897,0 -60.221154,-14.497725,0 -60.22130599999999,-14.497323,0 -60.22151000000001,-14.4971,0 -60.221664,-14.49694,0 -60.221814,-14.49681,0 -60.22179799999999,-14.496686,0 -60.221878,-14.496538,0 -60.222066,-14.496519,0 -60.222334,-14.496558,0 -60.222573,-14.496631,0 -60.22303,-14.496722,0 -60.223392,-14.496803,0 -60.223813,-14.496847,0 -60.224197,-14.496959,0 -60.225206,-14.497162,0 -60.225128,-14.497401,0 -60.22361,-14.501562,0 -60.220164,-14.499669,0 
					</coordinates>
				</LinearRing>
			</outerBoundaryIs>
		</Polygon>
	</Placemark>
	<Placemark>
		<name>7ec7d618-1a48-4483-99dd-d1e3eed72b65</name>
		<styleUrl>#fazenda_kaiman_1_2025_12_11_08_10_39_style</styleUrl>
		<Region>
			<LatLonAltBox>
				<north>-14.493864</north>
				<south>-14.498317</south>
				<east>-60.209268</east>
				<west>-60.215957</west>
				<minAltitude>0</minAltitude>
				<maxAltitude>0</maxAltitude>
			</LatLonAltBox>
		</Region>
		<ExtendedData>
			<SchemaData schemaUrl="#J_fazenda_kaiman_1_2025_12_11_08_10_39_DSSDSSSS">
				<SimpleData name="area_hectares">18.95</SimpleData>
				<SimpleData name="cropType">Braquiária</SimpleData>
				<SimpleData name="fillColour">#efcb19</SimpleData>
				<SimpleData name="grazableArea_hectares">18.95</SimpleData>
				<SimpleData name="pastureState">Grazing</SimpleData>
				<SimpleData name="title">KM - Pasto 14</SimpleData>
				<SimpleData name="type">paddock</SimpleData>
				<SimpleData name="vegetation"></SimpleData>
			</SchemaData>
		</ExtendedData>
		<Polygon>
			<tessellate>1</tessellate>
			<outerBoundaryIs>
				<LinearRing>
					<coordinates>
						-60.215957,-14.495174,0 -60.215749,-14.495104,0 -60.215492,-14.495067,0 -60.21531999999999,-14.495161,0 -60.215041,-14.495317,0 -60.214634,-14.49541,0 -60.214119,-14.495519,0 -60.213695,-14.495613,0 -60.213239,-14.495701,0 -60.21287499999999,-14.495829,0 -60.212773,-14.496011,0 -60.212687,-14.496131,0 -60.212462,-14.496151,0 -60.212225,-14.496063,0 -60.212333,-14.495767,0 -60.21244,-14.495476,0 -60.212554,-14.495111,0 -60.212688,-14.494768,0 -60.21277899999999,-14.494612,0 -60.213004,-14.494486,0 -60.212907,-14.494487,0 -60.21280400000001,-14.49447,0 -60.212704,-14.494436,0 -60.21255099999999,-14.494404,0 -60.212127,-14.49431,0 -60.21005399999999,-14.493864,0 -60.209268,-14.496773,0 -60.214172,-14.498317,0 -60.21473,-14.497355,0 -60.214895,-14.497062,0 -60.215857,-14.495352,0 -60.215957,-14.495174,0 
					</coordinates>
				</LinearRing>
			</outerBoundaryIs>
		</Polygon>
	</Placemark>
	<Placemark>
		<name>8181dcd2-844e-456d-a616-3de70e60d509</name>
		<styleUrl>#fazenda_kaiman_1_2025_12_11_08_10_39_style</styleUrl>
		<Region>
			<LatLonAltBox>
				<north>-14.512264</north>
				<south>-14.517575</south>
				<east>-60.20897</east>
				<west>-60.215996</west>
				<minAltitude>0</minAltitude>
				<maxAltitude>0</maxAltitude>
			</LatLonAltBox>
		</Region>
		<ExtendedData>
			<SchemaData schemaUrl="#J_fazenda_kaiman_1_2025_12_11_08_10_39_DSSDSSSS">
				<SimpleData name="area_hectares">27.0744209032</SimpleData>
				<SimpleData name="cropType">Braquiária</SimpleData>
				<SimpleData name="fillColour">#efcb19</SimpleData>
				<SimpleData name="grazableArea_hectares">27.0744209032</SimpleData>
				<SimpleData name="pastureState">Grazing</SimpleData>
				<SimpleData name="title">KM - Pasto 19 A</SimpleData>
				<SimpleData name="type">paddock</SimpleData>
				<SimpleData name="vegetation"></SimpleData>
			</SchemaData>
		</ExtendedData>
		<Polygon>
			<tessellate>1</tessellate>
			<outerBoundaryIs>
				<LinearRing>
					<coordinates>
						-60.215996,-14.51368,0 -60.210306,-14.512264,0 -60.20897,-14.517159,0 -60.21075200000001,-14.517575,0 -60.21583700000001,-14.515058,0 -60.215831,-14.514904,0 -60.215756,-14.514837,0 -60.21575200000001,-14.514802,0 -60.21575500000001,-14.514767,0 -60.215795,-14.514724,0 -60.21582600000001,-14.514666,0 -60.21581,-14.514613,0 -60.215749,-14.514536,0 -60.215751,-14.514427,0 -60.21575,-14.51432,0 -60.215751,-14.514229,0 -60.215745,-14.514153,0 -60.215737,-14.514081,0 -60.215756,-14.514022,0 -60.215809,-14.513962,0 -60.215827,-14.513848,0 -60.215846,-14.513797,0 -60.215913,-14.513754,0 -60.215965,-14.513721,0 -60.215996,-14.51368,0 
					</coordinates>
				</LinearRing>
			</outerBoundaryIs>
		</Polygon>
	</Placemark>
	<Placemark>
		<name>86cecd29-0a58-4c76-a3c3-858cd7d4bc98</name>
		<styleUrl>#fazenda_kaiman_1_2025_12_11_08_10_39_style</styleUrl>
		<Region>
			<LatLonAltBox>
				<north>-14.523491</north>
				<south>-14.534429</south>
				<east>-60.214753</east>
				<west>-60.221035</west>
				<minAltitude>0</minAltitude>
				<maxAltitude>0</maxAltitude>
			</LatLonAltBox>
		</Region>
		<ExtendedData>
			<SchemaData schemaUrl="#J_fazenda_kaiman_1_2025_12_11_08_10_39_DSSDSSSS">
				<SimpleData name="area_hectares">33.51</SimpleData>
				<SimpleData name="cropType">Braquiária</SimpleData>
				<SimpleData name="fillColour">#efcb19</SimpleData>
				<SimpleData name="grazableArea_hectares">33.51</SimpleData>
				<SimpleData name="pastureState">Grazing</SimpleData>
				<SimpleData name="title">KM - Pasto 23</SimpleData>
				<SimpleData name="type">paddock</SimpleData>
				<SimpleData name="vegetation"></SimpleData>
			</SchemaData>
		</ExtendedData>
		<Polygon>
			<tessellate>1</tessellate>
			<outerBoundaryIs>
				<LinearRing>
					<coordinates>
						-60.214803,-14.534429,0 -60.21489,-14.534372,0 -60.21514,-14.534268,0 -60.215349,-14.534133,0 -60.215496,-14.533977,0 -60.215681,-14.533907,0 -60.215832,-14.533801,0 -60.216092,-14.53367,0 -60.216323,-14.533605,0 -60.216497,-14.533535,0 -60.21671400000001,-14.533465,0 -60.21696900000001,-14.533413,0 -60.21709800000001,-14.53334,0 -60.21721599999999,-14.533291,0 -60.217314,-14.533227,0 -60.21741100000001,-14.533149,0 -60.217521,-14.533154,0 -60.217628,-14.53324,0 -60.217687,-14.533297,0 -60.217687,-14.533357,0 -60.217684,-14.533427,0 -60.217765,-14.533461,0 -60.217813,-14.533404,0 -60.217923,-14.533406,0 -60.218025,-14.533429,0 -60.218156,-14.533466,0 -60.218248,-14.533492,0 -60.218352,-14.533494,0 -60.218344,-14.533445,0 -60.21833099999999,-14.533382,0 -60.218387,-14.533332,0 -60.218436,-14.533314,0 -60.21848499999999,-14.533288,0 -60.21855,-14.533305,0 -60.218593,-14.533258,0 -60.21873799999999,-14.533179,0 -60.218277,-14.532808,0 -60.218179,-14.532801,0 -60.217149,-14.532724,0 -60.217195,-14.532622,0 -60.221035,-14.524119,0 -60.218328,-14.523491,0 -60.214846,-14.532127,0 -60.214753,-14.532363,0 -60.21475699999999,-14.532511,0 -60.214803,-14.534429,0 
					</coordinates>
				</LinearRing>
			</outerBoundaryIs>
		</Polygon>
	</Placemark>
	<Placemark>
		<name>871a1ef1-24a5-48a1-a9ff-169961918b63</name>
		<styleUrl>#fazenda_kaiman_1_2025_12_11_08_10_39_style</styleUrl>
		<Region>
			<LatLonAltBox>
				<north>-14.476081</north>
				<south>-14.483046</south>
				<east>-60.20558</east>
				<west>-60.210736</west>
				<minAltitude>0</minAltitude>
				<maxAltitude>0</maxAltitude>
			</LatLonAltBox>
		</Region>
		<ExtendedData>
			<SchemaData schemaUrl="#J_fazenda_kaiman_1_2025_12_11_08_10_39_DSSDSSSS">
				<SimpleData name="area_hectares">20</SimpleData>
				<SimpleData name="cropType">Braquiária</SimpleData>
				<SimpleData name="fillColour">#efcb19</SimpleData>
				<SimpleData name="grazableArea_hectares">20</SimpleData>
				<SimpleData name="pastureState">Grazing</SimpleData>
				<SimpleData name="title">KM - Pasto 11 A</SimpleData>
				<SimpleData name="type">paddock</SimpleData>
				<SimpleData name="vegetation"></SimpleData>
			</SchemaData>
		</ExtendedData>
		<Polygon>
			<tessellate>1</tessellate>
			<outerBoundaryIs>
				<LinearRing>
					<coordinates>
						-60.20558,-14.482948,0 -60.206267,-14.483046,0 -60.206322,-14.482734,0 -60.206382,-14.482427,0 -60.206261,-14.482476,0 -60.206133,-14.482535,0 -60.20610899999999,-14.482503,0 -60.20610700000001,-14.482474,0 -60.206097,-14.482389,0 -60.20611999999999,-14.482245,0 -60.206639,-14.481495,0 -60.206918,-14.481386,0 -60.207086,-14.481344,0 -60.207163,-14.481355,0 -60.207262,-14.481428,0 -60.20735,-14.481593,0 -60.207173,-14.481835,0 -60.20709300000001,-14.482005,0 -60.206962,-14.482129,0 -60.20683200000001,-14.482211,0 -60.206383,-14.482427,0 -60.206265,-14.483045,0 -60.20675,-14.4826,0 -60.207534,-14.481847,0 -60.209138,-14.480035,0 -60.209137,-14.480035,0 -60.20903499999999,-14.47995,0 -60.209007,-14.479882,0 -60.208972,-14.47982,0 -60.20896299999999,-14.479759,0 -60.20899,-14.479697,0 -60.209093,-14.479567,0 -60.209163,-14.479521,0 -60.209246,-14.479428,0 -60.209279,-14.479323,0 -60.209301,-14.479104,0 -60.209397,-14.47897,0 -60.209493,-14.478867,0 -60.209564,-14.478876,0 -60.209591,-14.478904,0 -60.209604,-14.478949,0 -60.209607,-14.478992,0 -60.209633,-14.479017,0 -60.209667,-14.479038,0 -60.209712,-14.479053,0 -60.209742,-14.47896,0 -60.209774,-14.47892,0 -60.20980399999999,-14.478896,0 -60.209945,-14.478851,0 -60.20997,-14.478876,0 -60.20998300000001,-14.478919,0 -60.209967,-14.478942,0 -60.209967,-14.478985,0 -60.210037,-14.479015,0 -60.21007900000001,-14.479026,0 -60.210119,-14.479056,0 -60.210163,-14.479081,0 -60.210184,-14.479087,0 -60.210206,-14.47907,0 -60.21024599999999,-14.479077,0 -60.21029600000001,-14.479091,0 -60.210312,-14.479128,0 -60.210348,-14.479171,0 -60.21032899999999,-14.479214,0 -60.21028,-14.479245,0 -60.21025800000001,-14.479277,0 -60.210229,-14.479326,0 -60.210229,-14.479353,0 -60.210229,-14.479378,0 -60.21027,-14.4794,0 -60.210335,-14.479397,0 -60.21037799999999,-14.479394,0 -60.210423,-14.479324,0 -60.21046299999999,-14.479294,0 -60.210537,-14.479357,0 -60.210569,-14.479487,0 -60.210515,-14.479669,0 -60.21047500000001,-14.479727,0 -60.210421,-14.479773,0 -60.210334,-14.479831,0 -60.210188,-14.47985,0 -60.21009300000001,-14.479803,0 -60.210006,-14.479705,0 -60.209902,-14.479657,0 -60.209794,-14.479694,0 -60.209735,-14.479724,0 -60.209644,-14.479785,0 -60.209622,-14.479822,0 -60.209611,-14.479843,0 -60.209565,-14.479882,0 -60.2095,-14.479911,0 -60.209385,-14.47995,0 -60.209138,-14.480035,0 -60.210542,-14.480214,0 -60.210736,-14.476858,0 -60.20737799999999,-14.476081,0 -60.20693,-14.477769,0 -60.207075,-14.477787,0 -60.207031,-14.477654,0 -60.207063,-14.477524,0 -60.207179,-14.477409,0 -60.207316,-14.477308,0 -60.207541,-14.477269,0 -60.207792,-14.477154,0 -60.20802,-14.477218,0 -60.208082,-14.477323,0 -60.208141,-14.477414,0 -60.20817199999999,-14.477667,0 -60.208081,-14.47778,0 -60.207902,-14.477931,0 -60.20780999999999,-14.47804,0 -60.20765,-14.478105,0 -60.207514,-14.478047,0 -60.207422,-14.47803,0 -60.207336,-14.478081,0 -60.207256,-14.478108,0 -60.20711500000001,-14.478097,0 -60.207001,-14.478068,0 -60.20692300000001,-14.477991,0 -60.20697999999999,-14.477893,0 -60.207035,-14.477844,0 -60.207074,-14.477785,0 -60.20693,-14.477769,0 -60.206525,-14.479351,0 -60.20558,-14.482948,0 
					</coordinates>
				</LinearRing>
			</outerBoundaryIs>
		</Polygon>
	</Placemark>
	<Placemark>
		<name>8bec5417-bcee-4894-9ff2-22af9897b093</name>
		<styleUrl>#fazenda_kaiman_1_2025_12_11_08_10_39_style</styleUrl>
		<Region>
			<LatLonAltBox>
				<north>-14.537727</north>
				<south>-14.547043</south>
				<east>-60.200981</east>
				<west>-60.210506</west>
				<minAltitude>0</minAltitude>
				<maxAltitude>0</maxAltitude>
			</LatLonAltBox>
		</Region>
		<ExtendedData>
			<SchemaData schemaUrl="#J_fazenda_kaiman_1_2025_12_11_08_10_39_DSSDSSSS">
				<SimpleData name="area_hectares">38.59</SimpleData>
				<SimpleData name="cropType">Braquiária</SimpleData>
				<SimpleData name="fillColour">#31a6c5</SimpleData>
				<SimpleData name="grazableArea_hectares">38.59</SimpleData>
				<SimpleData name="pastureState">Grazing</SimpleData>
				<SimpleData name="title">MT - Pasto 18</SimpleData>
				<SimpleData name="type">paddock</SimpleData>
				<SimpleData name="vegetation"></SimpleData>
			</SchemaData>
		</ExtendedData>
		<Polygon>
			<tessellate>1</tessellate>
			<outerBoundaryIs>
				<LinearRing>
					<coordinates>
						-60.200981,-14.547043,0 -60.208166,-14.546539,0 -60.208215,-14.546549,0 -60.209913,-14.540141,0 -60.210506,-14.53781,0 -60.210501,-14.537727,0 -60.21032899999999,-14.537815,0 -60.21027,-14.538174,0 -60.210227,-14.538558,0 -60.20997,-14.538849,0 -60.209342,-14.539306,0 -60.209204,-14.53955,0 -60.208898,-14.539612,0 -60.20863,-14.539804,0 -60.20849,-14.540147,0 -60.208522,-14.540531,0 -60.20863,-14.540806,0 -60.208645,-14.541079,0 -60.208592,-14.541343,0 -60.208704,-14.541535,0 -60.208699,-14.541743,0 -60.208442,-14.541899,0 -60.207756,-14.542051,0 -60.207581,-14.542051,0 -60.20743899999999,-14.54211,0 -60.207049,-14.54236,0 -60.20671100000001,-14.542484,0 -60.206451,-14.542497,0 -60.206308,-14.542518,0 -60.206233,-14.542619,0 -60.206209,-14.542809,0 -60.206083,-14.542908,0 -60.20579599999999,-14.543035,0 -60.205573,-14.54303,0 -60.205388,-14.543014,0 -60.20521899999999,-14.543136,0 -60.205007,-14.543159,0 -60.204857,-14.543141,0 -60.204613,-14.543159,0 -60.204361,-14.543158,0 -60.20380500000001,-14.543208,0 -60.203226,-14.543239,0 -60.20277,-14.543236,0 -60.202352,-14.543267,0 -60.202132,-14.543254,0 -60.201999,-14.543283,0 -60.200981,-14.547043,0 
					</coordinates>
				</LinearRing>
			</outerBoundaryIs>
		</Polygon>
	</Placemark>
	<Placemark>
		<name>8d0a55cf-6144-4d99-8df0-9a71acc5f7ea</name>
		<styleUrl>#fazenda_kaiman_1_2025_12_11_08_10_39_style</styleUrl>
		<Region>
			<LatLonAltBox>
				<north>-14.486542</north>
				<south>-14.490952</south>
				<east>-60.191967</east>
				<west>-60.197208</west>
				<minAltitude>0</minAltitude>
				<maxAltitude>0</maxAltitude>
			</LatLonAltBox>
		</Region>
		<ExtendedData>
			<SchemaData schemaUrl="#J_fazenda_kaiman_1_2025_12_11_08_10_39_DSSDSSSS">
				<SimpleData name="area_hectares">16.61</SimpleData>
				<SimpleData name="cropType">Braquiária</SimpleData>
				<SimpleData name="fillColour">#efcb19</SimpleData>
				<SimpleData name="grazableArea_hectares">16.61</SimpleData>
				<SimpleData name="pastureState">Grazing</SimpleData>
				<SimpleData name="title">KM - Pasto 08 A</SimpleData>
				<SimpleData name="type">paddock</SimpleData>
				<SimpleData name="vegetation"></SimpleData>
			</SchemaData>
		</ExtendedData>
		<Polygon>
			<tessellate>1</tessellate>
			<outerBoundaryIs>
				<LinearRing>
					<coordinates>
						-60.19196700000001,-14.489967,0 -60.19281299999999,-14.486641,0 -60.19522000000001,-14.487667,0 -60.195741,-14.488054,0 -60.196366,-14.487429,0 -60.19672499999999,-14.487065,0 -60.19682700000001,-14.486743,0 -60.196918,-14.486542,0 -60.19702,-14.486584,0 -60.197208,-14.486789,0 -60.196492,-14.488866,0 -60.196383,-14.489182,0 -60.196385,-14.489266,0 -60.19642799999999,-14.490828,0 -60.196431,-14.490952,0 -60.195672,-14.490792,0 -60.193762,-14.490391,0 -60.19196700000001,-14.489967,0 
					</coordinates>
				</LinearRing>
			</outerBoundaryIs>
		</Polygon>
	</Placemark>
	<Placemark>
		<name>91588bd5-5845-4853-b397-68029b323551</name>
		<styleUrl>#fazenda_kaiman_1_2025_12_11_08_10_39_style</styleUrl>
		<Region>
			<LatLonAltBox>
				<north>-14.557216</north>
				<south>-14.5639</south>
				<east>-60.191021</east>
				<west>-60.201479</west>
				<minAltitude>0</minAltitude>
				<maxAltitude>0</maxAltitude>
			</LatLonAltBox>
		</Region>
		<ExtendedData>
			<SchemaData schemaUrl="#J_fazenda_kaiman_1_2025_12_11_08_10_39_DSSDSSSS">
				<SimpleData name="area_hectares">56.11</SimpleData>
				<SimpleData name="cropType">Braquiária</SimpleData>
				<SimpleData name="fillColour">#31a6c5</SimpleData>
				<SimpleData name="grazableArea_hectares">56.11</SimpleData>
				<SimpleData name="pastureState">Grazing</SimpleData>
				<SimpleData name="title">MT - Pasto 14</SimpleData>
				<SimpleData name="type">paddock</SimpleData>
				<SimpleData name="vegetation"></SimpleData>
			</SchemaData>
		</ExtendedData>
		<Polygon>
			<tessellate>1</tessellate>
			<outerBoundaryIs>
				<LinearRing>
					<coordinates>
						-60.200391,-14.557216,0 -60.19913,-14.55731,0 -60.192632,-14.557758,0 -60.191021,-14.563704,0 -60.191025,-14.5639,0 -60.19745,-14.56346,0 -60.19751100000001,-14.563223,0 -60.197825,-14.562003,0 -60.198138,-14.560788,0 -60.198322,-14.560825,0 -60.201319,-14.561434,0 -60.201479,-14.561467,0 -60.20147800000001,-14.561428,0 -60.201474,-14.561374,0 -60.201436,-14.561266,0 -60.201377,-14.561099,0 -60.20134600000001,-14.560941,0 -60.201216,-14.560773,0 -60.201245,-14.560651,0 -60.20099399999999,-14.560363,0 -60.200855,-14.560145,0 -60.200731,-14.559838,0 -60.200474,-14.559444,0 -60.200361,-14.559101,0 -60.20033999999999,-14.558789,0 -60.200342,-14.558602,0 -60.200251,-14.557823,0 -60.200391,-14.557216,0 
					</coordinates>
				</LinearRing>
			</outerBoundaryIs>
		</Polygon>
	</Placemark>
	<Placemark>
		<name>9717bb55-135f-4098-8529-cbc5948de85a</name>
		<styleUrl>#fazenda_kaiman_1_2025_12_11_08_10_39_style</styleUrl>
		<Region>
			<LatLonAltBox>
				<north>-14.526059</north>
				<south>-14.531648</south>
				<east>-60.188896</east>
				<west>-60.200406</west>
				<minAltitude>0</minAltitude>
				<maxAltitude>0</maxAltitude>
			</LatLonAltBox>
		</Region>
		<ExtendedData>
			<SchemaData schemaUrl="#J_fazenda_kaiman_1_2025_12_11_08_10_39_DSSDSSSS">
				<SimpleData name="area_hectares">34.31</SimpleData>
				<SimpleData name="cropType">Braquiária</SimpleData>
				<SimpleData name="fillColour">#31a6c5</SimpleData>
				<SimpleData name="grazableArea_hectares">34.31</SimpleData>
				<SimpleData name="pastureState">Grazing</SimpleData>
				<SimpleData name="title">MT - Pasto 05 A</SimpleData>
				<SimpleData name="type">paddock</SimpleData>
				<SimpleData name="vegetation"></SimpleData>
			</SchemaData>
		</ExtendedData>
		<Polygon>
			<tessellate>1</tessellate>
			<outerBoundaryIs>
				<LinearRing>
					<coordinates>
						-60.200374,-14.528809,0 -60.200406,-14.528888,0 -60.200394,-14.528959,0 -60.19966500000001,-14.531648,0 -60.193203,-14.530092,0 -60.193208,-14.530014,0 -60.193255,-14.529926,0 -60.193352,-14.529895,0 -60.19357400000001,-14.529713,0 -60.193711,-14.529608,0 -60.193627,-14.529516,0 -60.19360699999999,-14.529447,0 -60.193711,-14.529415,0 -60.193787,-14.529376,0 -60.193943,-14.529329,0 -60.19403000000001,-14.529327,0 -60.194177,-14.529314,0 -60.19439000000001,-14.529134,0 -60.194471,-14.528943,0 -60.19472,-14.528792,0 -60.194994,-14.528608,0 -60.19527500000001,-14.528462,0 -60.195444,-14.528252,0 -60.195576,-14.528037,0 -60.195579,-14.527973,0 -60.195534,-14.527946,0 -60.19545299999999,-14.527948,0 -60.19532,-14.527989,0 -60.19518099999999,-14.528074,0 -60.195095,-14.528165,0 -60.194993,-14.528242,0 -60.19486799999999,-14.528253,0 -60.194664,-14.528205,0 -60.19454,-14.528174,0 -60.19437700000001,-14.528239,0 -60.19431,-14.528292,0 -60.194225,-14.528373,0 -60.194167,-14.528414,0 -60.194119,-14.528408,0 -60.194081,-14.528363,0 -60.194026,-14.528259,0 -60.19374,-14.52828,0 -60.193437,-14.52855,0 -60.193252,-14.528703,0 -60.19311499999999,-14.528848,0 -60.19290400000001,-14.529006,0 -60.192842,-14.529167,0 -60.192872,-14.529412,0 -60.192818,-14.529531,0 -60.192738,-14.529702,0 -60.192636,-14.529887,0 -60.19242300000001,-14.530053,0 -60.19234,-14.530128,0 -60.192212,-14.530082,0 -60.192091,-14.530115,0 -60.192032,-14.530214,0 -60.19179,-14.530253,0 -60.191626,-14.530184,0 -60.19148400000001,-14.530119,0 -60.191395,-14.529868,0 -60.191403,-14.529711,0 -60.191296,-14.529468,0 -60.19111300000001,-14.529327,0 -60.191072,-14.529218,0 -60.190985,-14.529144,0 -60.190867,-14.528996,0 -60.190741,-14.52883,0 -60.190639,-14.528706,0 -60.190394,-14.528499,0 -60.190207,-14.528271,0 -60.190056,-14.528068,0 -60.189847,-14.527866,0 -60.189724,-14.527692,0 -60.189689,-14.527528,0 -60.189632,-14.527421,0 -60.189498,-14.527138,0 -60.189307,-14.526915,0 -60.18889600000001,-14.526665,0 -60.189126,-14.526059,0 -60.19147,-14.52663,0 -60.193893,-14.527228,0 -60.195476,-14.52762,0 -60.19677399999999,-14.52794,0 -60.199254,-14.528552,0 -60.200374,-14.528809,0 
					</coordinates>
				</LinearRing>
			</outerBoundaryIs>
		</Polygon>
	</Placemark>
	<Placemark>
		<name>9beea41d-7d7b-4f30-bb6c-c020a4f56171</name>
		<styleUrl>#fazenda_kaiman_1_2025_12_11_08_10_39_style</styleUrl>
		<Region>
			<LatLonAltBox>
				<north>-14.491009</north>
				<south>-14.49479</south>
				<east>-60.195866</east>
				<west>-60.199109</west>
				<minAltitude>0</minAltitude>
				<maxAltitude>0</maxAltitude>
			</LatLonAltBox>
		</Region>
		<ExtendedData>
			<SchemaData schemaUrl="#J_fazenda_kaiman_1_2025_12_11_08_10_39_DSSDSSSS">
				<SimpleData name="area_hectares">11</SimpleData>
				<SimpleData name="cropType">Braquiária</SimpleData>
				<SimpleData name="fillColour">#efcb19</SimpleData>
				<SimpleData name="grazableArea_hectares">11</SimpleData>
				<SimpleData name="pastureState">Grazing</SimpleData>
				<SimpleData name="title">KM - Pasto 07 F</SimpleData>
				<SimpleData name="type">paddock</SimpleData>
				<SimpleData name="vegetation"></SimpleData>
			</SchemaData>
		</ExtendedData>
		<Polygon>
			<tessellate>1</tessellate>
			<outerBoundaryIs>
				<LinearRing>
					<coordinates>
						-60.199109,-14.491525,0 -60.198273,-14.49479,0 -60.19593,-14.494363,0 -60.195866,-14.494349,0 -60.195885,-14.49427,0 -60.195957,-14.493972,0 -60.196149,-14.493208,0 -60.196566,-14.491554,0 -60.19670299999999,-14.491009,0 -60.199109,-14.491525,0 
					</coordinates>
				</LinearRing>
			</outerBoundaryIs>
		</Polygon>
	</Placemark>
	<Placemark>
		<name>9f7f18af-ea14-4baf-a7c4-e26929259ee5</name>
		<styleUrl>#fazenda_kaiman_1_2025_12_11_08_10_39_style</styleUrl>
		<Region>
			<LatLonAltBox>
				<north>-14.500688</north>
				<south>-14.503896</south>
				<east>-60.200418</east>
				<west>-60.20555</west>
				<minAltitude>0</minAltitude>
				<maxAltitude>0</maxAltitude>
			</LatLonAltBox>
		</Region>
		<ExtendedData>
			<SchemaData schemaUrl="#J_fazenda_kaiman_1_2025_12_11_08_10_39_DSSDSSSS">
				<SimpleData name="area_hectares">12.51</SimpleData>
				<SimpleData name="cropType">Braquiária</SimpleData>
				<SimpleData name="fillColour">#efcb19</SimpleData>
				<SimpleData name="grazableArea_hectares">12.51</SimpleData>
				<SimpleData name="pastureState">Grazing</SimpleData>
				<SimpleData name="title">KM - Pasto 02</SimpleData>
				<SimpleData name="type">paddock</SimpleData>
				<SimpleData name="vegetation"></SimpleData>
			</SchemaData>
		</ExtendedData>
		<Polygon>
			<tessellate>1</tessellate>
			<outerBoundaryIs>
				<LinearRing>
					<coordinates>
						-60.200418,-14.503626,0 -60.202,-14.503308,0 -60.204843,-14.503896,0 -60.204941,-14.503572,0 -60.20555,-14.501448,0 -60.205398,-14.501415,0 -60.201987,-14.500688,0 -60.200418,-14.503626,0 
					</coordinates>
				</LinearRing>
			</outerBoundaryIs>
		</Polygon>
	</Placemark>
	<Placemark>
		<name>9ff315d6-51e6-4709-9c64-3d8fa875caa8</name>
		<styleUrl>#fazenda_kaiman_1_2025_12_11_08_10_39_style</styleUrl>
		<Region>
			<LatLonAltBox>
				<north>-14.519871</north>
				<south>-14.532655</south>
				<east>-60.200576</east>
				<west>-60.211329</west>
				<minAltitude>0</minAltitude>
				<maxAltitude>0</maxAltitude>
			</LatLonAltBox>
		</Region>
		<ExtendedData>
			<SchemaData schemaUrl="#J_fazenda_kaiman_1_2025_12_11_08_10_39_DSSDSSSS">
				<SimpleData name="area_hectares">96.53</SimpleData>
				<SimpleData name="cropType">Braquiária</SimpleData>
				<SimpleData name="fillColour">#efcb19</SimpleData>
				<SimpleData name="grazableArea_hectares">96.53</SimpleData>
				<SimpleData name="pastureState">Grazing</SimpleData>
				<SimpleData name="title">KM - Pasto 17/18</SimpleData>
				<SimpleData name="type">paddock</SimpleData>
				<SimpleData name="vegetation"></SimpleData>
			</SchemaData>
		</ExtendedData>
		<Polygon>
			<tessellate>1</tessellate>
			<outerBoundaryIs>
				<LinearRing>
					<coordinates>
						-60.208094,-14.530732,0 -60.207552,-14.532484,0 -60.207638,-14.532437,0 -60.207743,-14.53243,0 -60.207901,-14.532479,0 -60.208008,-14.53252,0 -60.20805099999999,-14.53257,0 -60.208116,-14.532655,0 -60.208648,-14.530869,0 -60.21132900000001,-14.521848,0 -60.202945,-14.519871,0 -60.200585,-14.5286,0 -60.2006,-14.528769,0 -60.200576,-14.528878,0 -60.207663,-14.530622,0 -60.208094,-14.530732,0 
					</coordinates>
				</LinearRing>
			</outerBoundaryIs>
		</Polygon>
	</Placemark>
	<Placemark>
		<name>a1766cb3-281e-4b20-889a-f64be9e2462c</name>
		<styleUrl>#fazenda_kaiman_1_2025_12_11_08_10_39_style</styleUrl>
		<Region>
			<LatLonAltBox>
				<north>-14.551356</north>
				<south>-14.557758</south>
				<east>-60.192632</east>
				<west>-60.201796</west>
				<minAltitude>0</minAltitude>
				<maxAltitude>0</maxAltitude>
			</LatLonAltBox>
		</Region>
		<ExtendedData>
			<SchemaData schemaUrl="#J_fazenda_kaiman_1_2025_12_11_08_10_39_DSSDSSSS">
				<SimpleData name="area_hectares">45.27</SimpleData>
				<SimpleData name="cropType">Braquiária</SimpleData>
				<SimpleData name="fillColour">#31a6c5</SimpleData>
				<SimpleData name="grazableArea_hectares">45.27</SimpleData>
				<SimpleData name="pastureState">Grazing</SimpleData>
				<SimpleData name="title">MT - Pasto 13</SimpleData>
				<SimpleData name="type">paddock</SimpleData>
				<SimpleData name="vegetation"></SimpleData>
			</SchemaData>
		</ExtendedData>
		<Polygon>
			<tessellate>1</tessellate>
			<outerBoundaryIs>
				<LinearRing>
					<coordinates>
						-60.201796,-14.553981,0 -60.19993400000001,-14.554322,0 -60.19913,-14.55731,0 -60.192632,-14.557758,0 -60.194293,-14.551642,0 -60.197405,-14.551454,0 -60.19744,-14.551549,0 -60.197577,-14.551747,0 -60.197765,-14.551788,0 -60.197958,-14.551684,0 -60.198073,-14.55163,0 -60.198229,-14.551555,0 -60.198269,-14.551435,0 -60.19829,-14.551374,0 -60.198735,-14.551356,0 -60.19881600000001,-14.551422,0 -60.199006,-14.551539,0 -60.199122,-14.551575,0 -60.199293,-14.551744,0 -60.199409,-14.551931,0 -60.199433,-14.552144,0 -60.19958199999999,-14.552329,0 -60.199829,-14.55269,0 -60.200011,-14.553002,0 -60.20014499999999,-14.553238,0 -60.20045900000001,-14.553503,0 -60.200786,-14.553555,0 -60.201119,-14.553562,0 -60.201304,-14.553537,0 -60.201796,-14.553981,0 
					</coordinates>
				</LinearRing>
			</outerBoundaryIs>
		</Polygon>
	</Placemark>
	<Placemark>
		<name>a2f92b03-ff2f-4846-8b16-e410c458767a</name>
		<styleUrl>#fazenda_kaiman_1_2025_12_11_08_10_39_style</styleUrl>
		<Region>
			<LatLonAltBox>
				<north>-14.530868</north>
				<south>-14.535183</south>
				<east>-60.208116</east>
				<west>-60.213785</west>
				<minAltitude>0</minAltitude>
				<maxAltitude>0</maxAltitude>
			</LatLonAltBox>
		</Region>
		<ExtendedData>
			<SchemaData schemaUrl="#J_fazenda_kaiman_1_2025_12_11_08_10_39_DSSDSSSS">
				<SimpleData name="area_hectares">16.8</SimpleData>
				<SimpleData name="cropType">Braquiária</SimpleData>
				<SimpleData name="fillColour">#31a6c5</SimpleData>
				<SimpleData name="grazableArea_hectares">16.8</SimpleData>
				<SimpleData name="pastureState">Grazing</SimpleData>
				<SimpleData name="title">MT - Pasto 01 A</SimpleData>
				<SimpleData name="type">paddock</SimpleData>
				<SimpleData name="vegetation"></SimpleData>
			</SchemaData>
		</ExtendedData>
		<Polygon>
			<tessellate>1</tessellate>
			<outerBoundaryIs>
				<LinearRing>
					<coordinates>
						-60.21378500000001,-14.535137,0 -60.21376300000001,-14.535024,0 -60.213625,-14.535152,0 -60.21337799999999,-14.535183,0 -60.213212,-14.535079,0 -60.213083,-14.534944,0 -60.212858,-14.534856,0 -60.212471,-14.534757,0 -60.212219,-14.534669,0 -60.211973,-14.534518,0 -60.211726,-14.53457,0 -60.21142500000001,-14.534637,0 -60.211264,-14.534731,0 -60.210964,-14.534772,0 -60.210465,-14.534804,0 -60.21017199999999,-14.534689,0 -60.209893,-14.534534,0 -60.209689,-14.534123,0 -60.209608,-14.533807,0 -60.209638,-14.533546,0 -60.209568,-14.533193,0 -60.209493,-14.532938,0 -60.209332,-14.532783,0 -60.20904299999999,-14.53284,0 -60.20880699999999,-14.532928,0 -60.20867199999999,-14.532777,0 -60.208474,-14.532642,0 -60.208116,-14.532655,0 -60.208648,-14.530868,0 -60.20928800000001,-14.531025,0 -60.21288599999999,-14.5319,0 -60.21287600000001,-14.53195,0 -60.21310100000001,-14.532729,0 -60.21378500000001,-14.535137,0 
					</coordinates>
				</LinearRing>
			</outerBoundaryIs>
		</Polygon>
	</Placemark>
	<Placemark>
		<name>a4d983a3-a880-45c7-a6b9-a135d713364c</name>
		<styleUrl>#fazenda_kaiman_1_2025_12_11_08_10_39_style</styleUrl>
		<Region>
			<LatLonAltBox>
				<north>-14.560255</north>
				<south>-14.564594</south>
				<east>-60.179943</east>
				<west>-60.181473</west>
				<minAltitude>0</minAltitude>
				<maxAltitude>0</maxAltitude>
			</LatLonAltBox>
		</Region>
		<ExtendedData>
			<SchemaData schemaUrl="#J_fazenda_kaiman_1_2025_12_11_08_10_39_DSSDSSSS">
				<SimpleData name="area_hectares">5.9</SimpleData>
				<SimpleData name="cropType">Braquiária</SimpleData>
				<SimpleData name="fillColour">#31a6c5</SimpleData>
				<SimpleData name="grazableArea_hectares">5.9</SimpleData>
				<SimpleData name="pastureState">Grazing</SimpleData>
				<SimpleData name="title">MT - Piquete 01</SimpleData>
				<SimpleData name="type">paddock</SimpleData>
				<SimpleData name="vegetation"></SimpleData>
			</SchemaData>
		</ExtendedData>
		<Polygon>
			<tessellate>1</tessellate>
			<outerBoundaryIs>
				<LinearRing>
					<coordinates>
						-60.181186,-14.560497,0 -60.18086900000001,-14.560527,0 -60.180843,-14.560255,0 -60.180358,-14.560291,0 -60.17994299999999,-14.560313,0 -60.180378,-14.564594,0 -60.18142400000001,-14.564517,0 -60.181473,-14.564341,0 -60.18118999999999,-14.560563,0 -60.181186,-14.560497,0 
					</coordinates>
				</LinearRing>
			</outerBoundaryIs>
		</Polygon>
	</Placemark>
	<Placemark>
		<name>a77d67f8-e801-4cbd-af45-1ff1ea33bfe4</name>
		<styleUrl>#fazenda_kaiman_1_2025_12_11_08_10_39_style</styleUrl>
		<Region>
			<LatLonAltBox>
				<north>-14.504753</north>
				<south>-14.511015</south>
				<east>-60.198197</east>
				<west>-60.206463</west>
				<minAltitude>0</minAltitude>
				<maxAltitude>0</maxAltitude>
			</LatLonAltBox>
		</Region>
		<ExtendedData>
			<SchemaData schemaUrl="#J_fazenda_kaiman_1_2025_12_11_08_10_39_DSSDSSSS">
				<SimpleData name="area_hectares">24.15</SimpleData>
				<SimpleData name="cropType">Braquiária</SimpleData>
				<SimpleData name="fillColour">#efcb19</SimpleData>
				<SimpleData name="grazableArea_hectares">24.15</SimpleData>
				<SimpleData name="pastureState">Grazing</SimpleData>
				<SimpleData name="title">KM - Pasto 02 C</SimpleData>
				<SimpleData name="type">paddock</SimpleData>
				<SimpleData name="vegetation"></SimpleData>
			</SchemaData>
		</ExtendedData>
		<Polygon>
			<tessellate>1</tessellate>
			<outerBoundaryIs>
				<LinearRing>
					<coordinates>
						-60.201109,-14.509981,0 -60.205275,-14.511015,0 -60.206463,-14.506669,0 -60.19911199999999,-14.504753,0 -60.199109,-14.504775,0 -60.199076,-14.504814,0 -60.19905199999999,-14.504864,0 -60.199025,-14.504918,0 -60.19895799999999,-14.50497,0 -60.19888399999999,-14.504993,0 -60.198781,-14.504998,0 -60.198679,-14.505008,0 -60.198604,-14.505028,0 -60.198572,-14.505048,0 -60.198558,-14.505072,0 -60.198544,-14.505127,0 -60.198506,-14.505179,0 -60.198471,-14.505207,0 -60.198385,-14.505231,0 -60.198323,-14.50524,0 -60.198269,-14.505241,0 -60.19826,-14.505203,0 -60.198197,-14.505252,0 -60.19824699999999,-14.505291,0 -60.198272,-14.505345,0 -60.19833800000001,-14.505336,0 -60.19839499999999,-14.505327,0 -60.198589,-14.505286,0 -60.199492,-14.505094,0 -60.19981300000001,-14.505026,0 -60.199887,-14.505045,0 -60.202243,-14.505654,0 -60.20126100000001,-14.5094,0 -60.201109,-14.509981,0 
					</coordinates>
				</LinearRing>
			</outerBoundaryIs>
		</Polygon>
	</Placemark>
	<Placemark>
		<name>a7d942aa-3f18-4191-9659-923810d5fa9d</name>
		<styleUrl>#fazenda_kaiman_1_2025_12_11_08_10_39_style</styleUrl>
		<Region>
			<LatLonAltBox>
				<north>-14.55546</north>
				<south>-14.560525</south>
				<east>-60.169953</east>
				<west>-60.180344</west>
				<minAltitude>0</minAltitude>
				<maxAltitude>0</maxAltitude>
			</LatLonAltBox>
		</Region>
		<ExtendedData>
			<SchemaData schemaUrl="#J_fazenda_kaiman_1_2025_12_11_08_10_39_DSSDSSSS">
				<SimpleData name="area_hectares">34.24</SimpleData>
				<SimpleData name="cropType">Braquiária</SimpleData>
				<SimpleData name="fillColour">#31a6c5</SimpleData>
				<SimpleData name="grazableArea_hectares">34.24</SimpleData>
				<SimpleData name="pastureState">Grazing</SimpleData>
				<SimpleData name="title">MT - Pasto 27</SimpleData>
				<SimpleData name="type">paddock</SimpleData>
				<SimpleData name="vegetation"></SimpleData>
			</SchemaData>
		</ExtendedData>
		<Polygon>
			<tessellate>1</tessellate>
			<outerBoundaryIs>
				<LinearRing>
					<coordinates>
						-60.180331,-14.55993,0 -60.18029500000001,-14.559474,0 -60.174931,-14.556099,0 -60.17454499999999,-14.55546,0 -60.17394900000001,-14.555777,0 -60.17339700000001,-14.555881,0 -60.172823,-14.556114,0 -60.172007,-14.556202,0 -60.171492,-14.556114,0 -60.17093499999999,-14.556202,0 -60.170178,-14.556706,0 -60.169953,-14.556961,0 -60.17146,-14.55846,0 -60.17263000000001,-14.559524,0 -60.172903,-14.559784,0 -60.173687,-14.560246,0 -60.174032,-14.560525,0 -60.177398,-14.560261,0 -60.18034400000001,-14.560029,0 -60.180331,-14.55993,0 
					</coordinates>
				</LinearRing>
			</outerBoundaryIs>
		</Polygon>
	</Placemark>
	<Placemark>
		<name>a99c6298-6d3d-4c05-bafd-3f54c4cbad19</name>
		<styleUrl>#fazenda_kaiman_1_2025_12_11_08_10_39_style</styleUrl>
		<Region>
			<LatLonAltBox>
				<north>-14.480035</north>
				<south>-14.485129</south>
				<east>-60.205402</east>
				<west>-60.213616</west>
				<minAltitude>0</minAltitude>
				<maxAltitude>0</maxAltitude>
			</LatLonAltBox>
		</Region>
		<ExtendedData>
			<SchemaData schemaUrl="#J_fazenda_kaiman_1_2025_12_11_08_10_39_DSSDSSSS">
				<SimpleData name="area_hectares">25.24</SimpleData>
				<SimpleData name="cropType">Braquiária</SimpleData>
				<SimpleData name="fillColour">#efcb19</SimpleData>
				<SimpleData name="grazableArea_hectares">25.24</SimpleData>
				<SimpleData name="pastureState">Grazing</SimpleData>
				<SimpleData name="title">KM - Pasto 11 B</SimpleData>
				<SimpleData name="type">paddock</SimpleData>
				<SimpleData name="vegetation"></SimpleData>
			</SchemaData>
		</ExtendedData>
		<Polygon>
			<tessellate>1</tessellate>
			<outerBoundaryIs>
				<LinearRing>
					<coordinates>
						-60.20558,-14.482948,0 -60.205402,-14.483613,0 -60.207423,-14.484055,0 -60.207576,-14.484088,0 -60.212222,-14.485093,0 -60.212391,-14.485129,0 -60.21245,-14.484924,0 -60.21316,-14.482313,0 -60.213106,-14.482312,0 -60.213058,-14.482372,0 -60.213038,-14.482425,0 -60.212975,-14.482482,0 -60.212913,-14.482525,0 -60.21283699999999,-14.482547,0 -60.212771,-14.482597,0 -60.212739,-14.482646,0 -60.212715,-14.482707,0 -60.21266,-14.482752,0 -60.212591,-14.482763,0 -60.212535,-14.48278,0 -60.212447,-14.482834,0 -60.212375,-14.482842,0 -60.212319,-14.482807,0 -60.21231000000001,-14.482759,0 -60.212319,-14.482685,0 -60.21233500000001,-14.482622,0 -60.212341,-14.482564,0 -60.212389,-14.482487,0 -60.212437,-14.482442,0 -60.2125,-14.482424,0 -60.212555,-14.482423,0 -60.212599,-14.482459,0 -60.212625,-14.482518,0 -60.21265799999999,-14.482548,0 -60.212721,-14.482487,0 -60.212721,-14.482457,0 -60.212677,-14.482385,0 -60.212673,-14.48234,0 -60.212641,-14.482291,0 -60.212568,-14.482274,0 -60.21251600000001,-14.482306,0 -60.212461,-14.482317,0 -60.212453,-14.482287,0 -60.212434,-14.482248,0 -60.212434,-14.482215,0 -60.212448,-14.482185,0 -60.212446,-14.482137,0 -60.212481,-14.482073,0 -60.212501,-14.481967,0 -60.212496,-14.481943,0 -60.212284,-14.481881,0 -60.212209,-14.481864,0 -60.212102,-14.481843,0 -60.211905,-14.481806,0 -60.21181,-14.481794,0 -60.21173499999999,-14.481795,0 -60.211676,-14.481846,0 -60.211658,-14.481902,0 -60.21164999999999,-14.481981,0 -60.211586,-14.482203,0 -60.211544,-14.482331,0 -60.211512,-14.482422,0 -60.21149,-14.48247,0 -60.211542,-14.482505,0 -60.21155,-14.482543,0 -60.21155399999999,-14.482586,0 -60.211521,-14.482638,0 -60.211468,-14.482656,0 -60.21137600000001,-14.482708,0 -60.211308,-14.482736,0 -60.211232,-14.482848,0 -60.21120800000001,-14.482894,0 -60.21115,-14.482939,0 -60.211047,-14.482943,0 -60.21098000000001,-14.482978,0 -60.210934,-14.483024,0 -60.21089,-14.483093,0 -60.210839,-14.483161,0 -60.210802,-14.483228,0 -60.210776,-14.483293,0 -60.21072,-14.48334,0 -60.21067800000001,-14.48337,0 -60.21060900000001,-14.483441,0 -60.21054299999999,-14.483463,0 -60.210426,-14.483465,0 -60.210369,-14.483422,0 -60.210362,-14.483332,0 -60.210374,-14.483273,0 -60.21040299999999,-14.483215,0 -60.210363,-14.483112,0 -60.210336,-14.483071,0 -60.210262,-14.483016,0 -60.210242,-14.482966,0 -60.210198,-14.482917,0 -60.210138,-14.482901,0 -60.210092,-14.482862,0 -60.210092,-14.482821,0 -60.21010299999999,-14.482761,0 -60.21011699999999,-14.482734,0 -60.21011500000001,-14.482668,0 -60.21015100000001,-14.482639,0 -60.21017800000001,-14.4826,0 -60.210241,-14.482548,0 -60.21029600000001,-14.482546,0 -60.210338,-14.482526,0 -60.210396,-14.482498,0 -60.210437,-14.482529,0 -60.210465,-14.482486,0 -60.210443,-14.482439,0 -60.210429,-14.482417,0 -60.21042800000001,-14.482369,0 -60.210481,-14.482347,0 -60.210548,-14.482339,0 -60.21062000000001,-14.482313,0 -60.210683,-14.48229,0 -60.21074100000001,-14.482232,0 -60.21077,-14.482161,0 -60.210817,-14.48206,0 -60.210854,-14.482004,0 -60.21086999999999,-14.481937,0 -60.210882,-14.481872,0 -60.21089199999999,-14.481811,0 -60.210937,-14.48176,0 -60.210998,-14.481706,0 -60.211039,-14.481646,0 -60.21106300000001,-14.481597,0 -60.211039,-14.481549,0 -60.210948,-14.481461,0 -60.210861,-14.481304,0 -60.21082,-14.481223,0 -60.210815,-14.481099,0 -60.210857,-14.481041,0 -60.210925,-14.480988,0 -60.21095,-14.480928,0 -60.210974,-14.480894,0 -60.21099400000001,-14.480863,0 -60.211043,-14.480846,0 -60.211105,-14.480872,0 -60.211152,-14.48085,0 -60.21122999999999,-14.480793,0 -60.21139800000001,-14.480687,0 -60.211479,-14.480654,0 -60.211571,-14.480616,0 -60.211668,-14.480555,0 -60.211738,-14.48054,0 -60.211799,-14.480558,0 -60.211887,-14.480581,0 -60.21196299999999,-14.480622,0 -60.212033,-14.480645,0 -60.212099,-14.480681,0 -60.212197,-14.480771,0 -60.212237,-14.480832,0 -60.212346,-14.480897,0 -60.212525,-14.480938,0 -60.212605,-14.480962,0 -60.212696,-14.480959,0 -60.212786,-14.480964,0 -60.212857,-14.480987,0 -60.212915,-14.481025,0 -60.212968,-14.481011,0 -60.212985,-14.48096,0 -60.213025,-14.48093,0 -60.213073,-14.480945,0 -60.213113,-14.480972,0 -60.213129,-14.481022,0 -60.213156,-14.481066,0 -60.213169,-14.481107,0 -60.213249,-14.481154,0 -60.213301,-14.481202,0 -60.213356,-14.481274,0 -60.213386,-14.481302,0 -60.21316,-14.482313,0 -60.213616,-14.480611,0 -60.213493,-14.480593,0 -60.20921400000001,-14.480045,0 -60.209137,-14.480035,0 -60.20908,-14.4801,0 -60.207638,-14.481729,0 -60.207522,-14.481858,0 -60.20747,-14.481908,0 -60.20735700000001,-14.482017,0 -60.207163,-14.482204,0 -60.206959,-14.4824,0 -60.20683699999999,-14.482516,0 -60.206721,-14.482627,0 -60.20653799999999,-14.482795,0 -60.206367,-14.482951,0 -60.206262,-14.483045,0 -60.206152,-14.48303,0 -60.205777,-14.482976,0 -60.20558,-14.482948,0 
					</coordinates>
				</LinearRing>
			</outerBoundaryIs>
		</Polygon>
	</Placemark>
	<Placemark>
		<name>aa3473d0-6794-4ab4-a577-6f45ae96c0de</name>
		<styleUrl>#fazenda_kaiman_1_2025_12_11_08_10_39_style</styleUrl>
		<Region>
			<LatLonAltBox>
				<north>-14.560029</north>
				<south>-14.564846</south>
				<east>-60.174032</east>
				<west>-60.180378</west>
				<minAltitude>0</minAltitude>
				<maxAltitude>0</maxAltitude>
			</LatLonAltBox>
		</Region>
		<ExtendedData>
			<SchemaData schemaUrl="#J_fazenda_kaiman_1_2025_12_11_08_10_39_DSSDSSSS">
				<SimpleData name="area_hectares">24.44</SimpleData>
				<SimpleData name="cropType">Braquiária</SimpleData>
				<SimpleData name="fillColour">#31a6c5</SimpleData>
				<SimpleData name="grazableArea_hectares">24.44</SimpleData>
				<SimpleData name="pastureState">Grazing</SimpleData>
				<SimpleData name="title">MT - Pasto 26</SimpleData>
				<SimpleData name="type">paddock</SimpleData>
				<SimpleData name="vegetation"></SimpleData>
			</SchemaData>
		</ExtendedData>
		<Polygon>
			<tessellate>1</tessellate>
			<outerBoundaryIs>
				<LinearRing>
					<coordinates>
						-60.180378,-14.564594,0 -60.177433,-14.564823,0 -60.176958,-14.564846,0 -60.177143,-14.564745,0 -60.177277,-14.564537,0 -60.177229,-14.56422,0 -60.177132,-14.564044,0 -60.176786,-14.563529,0 -60.176609,-14.563431,0 -60.176486,-14.563464,0 -60.17636,-14.56349,0 -60.176247,-14.563405,0 -60.176008,-14.563065,0 -60.175625,-14.562808,0 -60.175436,-14.562637,0 -60.175272,-14.562683,0 -60.174881,-14.562117,0 -60.174795,-14.56189,0 -60.174816,-14.561602,0 -60.174703,-14.561102,0 -60.174499,-14.560926,0 -60.17429,-14.560806,0 -60.174159,-14.560633,0 -60.174032,-14.560525,0 -60.18034400000001,-14.560029,0 -60.180356,-14.560291,0 -60.17994299999999,-14.560313,0 -60.180107,-14.561924,0 -60.180378,-14.564594,0 
					</coordinates>
				</LinearRing>
			</outerBoundaryIs>
		</Polygon>
	</Placemark>
	<Placemark>
		<name>b2addfad-360c-41df-8452-f925f8082221</name>
		<styleUrl>#fazenda_kaiman_1_2025_12_11_08_10_39_style</styleUrl>
		<Region>
			<LatLonAltBox>
				<north>-14.505026</north>
				<south>-14.509981</south>
				<east>-60.195442</east>
				<west>-60.202243</west>
				<minAltitude>0</minAltitude>
				<maxAltitude>0</maxAltitude>
			</LatLonAltBox>
		</Region>
		<ExtendedData>
			<SchemaData schemaUrl="#J_fazenda_kaiman_1_2025_12_11_08_10_39_DSSDSSSS">
				<SimpleData name="area_hectares">26.16</SimpleData>
				<SimpleData name="cropType">Braquiária</SimpleData>
				<SimpleData name="fillColour">#efcb19</SimpleData>
				<SimpleData name="grazableArea_hectares">26.16</SimpleData>
				<SimpleData name="pastureState">Grazing</SimpleData>
				<SimpleData name="title">KM - Pasto 02 D</SimpleData>
				<SimpleData name="type">paddock</SimpleData>
				<SimpleData name="vegetation"></SimpleData>
			</SchemaData>
		</ExtendedData>
		<Polygon>
			<tessellate>1</tessellate>
			<outerBoundaryIs>
				<LinearRing>
					<coordinates>
						-60.198248,-14.505292,0 -60.198272,-14.505345,0 -60.198392,-14.505328,0 -60.198602,-14.505283,0 -60.199814,-14.505026,0 -60.202243,-14.505654,0 -60.201109,-14.509981,0 -60.195936,-14.508695,0 -60.195617,-14.507855,0 -60.19544199999999,-14.507631,0 -60.195866,-14.507354,0 -60.196348,-14.507074,0 -60.19644000000001,-14.506949,0 -60.19644000000001,-14.506853,0 -60.19652,-14.506762,0 -60.19663,-14.506672,0 -60.19682099999999,-14.506478,0 -60.19702800000001,-14.50633,0 -60.197218,-14.50621,0 -60.197403,-14.506086,0 -60.197537,-14.506005,0 -60.197672,-14.505899,0 -60.19769,-14.505787,0 -60.19774399999999,-14.505662,0 -60.197851,-14.505546,0 -60.198031,-14.505434,0 -60.198069,-14.505366,0 -60.198117,-14.505304,0 -60.198197,-14.505252,0 -60.198248,-14.505292,0 
					</coordinates>
				</LinearRing>
			</outerBoundaryIs>
		</Polygon>
	</Placemark>
	<Placemark>
		<name>b8eaaf80-f853-4e20-94dd-517b6117f9a6</name>
		<styleUrl>#fazenda_kaiman_1_2025_12_11_08_10_39_style</styleUrl>
		<Region>
			<LatLonAltBox>
				<north>-14.558212</north>
				<south>-14.564508</south>
				<east>-60.18123</east>
				<west>-60.186888</west>
				<minAltitude>0</minAltitude>
				<maxAltitude>0</maxAltitude>
			</LatLonAltBox>
		</Region>
		<ExtendedData>
			<SchemaData schemaUrl="#J_fazenda_kaiman_1_2025_12_11_08_10_39_DSSDSSSS">
				<SimpleData name="area_hectares">32.87</SimpleData>
				<SimpleData name="cropType">Braquiária</SimpleData>
				<SimpleData name="fillColour">#31a6c5</SimpleData>
				<SimpleData name="grazableArea_hectares">32.87</SimpleData>
				<SimpleData name="pastureState">Grazing</SimpleData>
				<SimpleData name="title">MT - Pasto 24</SimpleData>
				<SimpleData name="type">paddock</SimpleData>
				<SimpleData name="vegetation"></SimpleData>
			</SchemaData>
		</ExtendedData>
		<Polygon>
			<tessellate>1</tessellate>
			<outerBoundaryIs>
				<LinearRing>
					<coordinates>
						-60.185282,-14.564224,0 -60.181631,-14.564508,0 -60.18156,-14.564334,0 -60.18123,-14.559845,0 -60.181593,-14.559814,0 -60.18150600000001,-14.558624,0 -60.186888,-14.558212,0 -60.185282,-14.564224,0 
					</coordinates>
				</LinearRing>
			</outerBoundaryIs>
		</Polygon>
	</Placemark>
	<Placemark>
		<name>bb47f8ab-b100-4cc7-889a-0dd2b7907b8e</name>
		<styleUrl>#fazenda_kaiman_1_2025_12_11_08_10_39_style</styleUrl>
		<Region>
			<LatLonAltBox>
				<north>-14.546539</north>
				<south>-14.551118</south>
				<east>-60.200307</east>
				<west>-60.208215</west>
				<minAltitude>0</minAltitude>
				<maxAltitude>0</maxAltitude>
			</LatLonAltBox>
		</Region>
		<ExtendedData>
			<SchemaData schemaUrl="#J_fazenda_kaiman_1_2025_12_11_08_10_39_DSSDSSSS">
				<SimpleData name="area_hectares">33.62</SimpleData>
				<SimpleData name="cropType">Braquiária</SimpleData>
				<SimpleData name="fillColour">#31a6c5</SimpleData>
				<SimpleData name="grazableArea_hectares">33.62</SimpleData>
				<SimpleData name="pastureState">Grazing</SimpleData>
				<SimpleData name="title">MT - Pasto 17</SimpleData>
				<SimpleData name="type">paddock</SimpleData>
				<SimpleData name="vegetation"></SimpleData>
			</SchemaData>
		</ExtendedData>
		<Polygon>
			<tessellate>1</tessellate>
			<outerBoundaryIs>
				<LinearRing>
					<coordinates>
						-60.200981,-14.547043,0 -60.200307,-14.549462,0 -60.20062900000001,-14.549867,0 -60.200924,-14.550116,0 -60.201128,-14.550334,0 -60.201466,-14.550594,0 -60.20168,-14.551118,0 -60.207004,-14.550701,0 -60.20707899999999,-14.55072,0 -60.208215,-14.546549,0 -60.208166,-14.546539,0 -60.208064,-14.546546,0 -60.200981,-14.547043,0 
					</coordinates>
				</LinearRing>
			</outerBoundaryIs>
		</Polygon>
	</Placemark>
	<Placemark>
		<name>bce4e347-25be-4c6d-a5b8-3c77659b58ca</name>
		<styleUrl>#fazenda_kaiman_1_2025_12_11_08_10_39_style</styleUrl>
		<Region>
			<LatLonAltBox>
				<north>-14.552076</north>
				<south>-14.558624</south>
				<east>-60.181074</east>
				<west>-60.188542</west>
				<minAltitude>0</minAltitude>
				<maxAltitude>0</maxAltitude>
			</LatLonAltBox>
		</Region>
		<ExtendedData>
			<SchemaData schemaUrl="#J_fazenda_kaiman_1_2025_12_11_08_10_39_DSSDSSSS">
				<SimpleData name="area_hectares">46.68</SimpleData>
				<SimpleData name="cropType">Braquiária</SimpleData>
				<SimpleData name="fillColour">#31a6c5</SimpleData>
				<SimpleData name="grazableArea_hectares">46.68</SimpleData>
				<SimpleData name="pastureState">Grazing</SimpleData>
				<SimpleData name="title">MT - Pasto 23</SimpleData>
				<SimpleData name="type">paddock</SimpleData>
				<SimpleData name="vegetation"></SimpleData>
			</SchemaData>
		</ExtendedData>
		<Polygon>
			<tessellate>1</tessellate>
			<outerBoundaryIs>
				<LinearRing>
					<coordinates>
						-60.18150600000001,-14.558624,0 -60.181074,-14.553055,0 -60.181326,-14.553055,0 -60.18146,-14.552785,0 -60.181659,-14.552582,0 -60.1819,-14.55238,0 -60.182104,-14.552151,0 -60.182388,-14.552182,0 -60.182689,-14.552421,0 -60.183268,-14.552426,0 -60.184433,-14.552379,0 -60.188542,-14.552076,0 -60.18702300000001,-14.557711,0 -60.186887,-14.558212,0 -60.18665200000001,-14.55823,0 -60.18150600000001,-14.558624,0 
					</coordinates>
				</LinearRing>
			</outerBoundaryIs>
		</Polygon>
	</Placemark>
	<Placemark>
		<name>bd402551-d89a-419a-b532-5a8ae36cd86d</name>
		<styleUrl>#fazenda_kaiman_1_2025_12_11_08_10_39_style</styleUrl>
		<Region>
			<LatLonAltBox>
				<north>-14.514898</north>
				<south>-14.526632</south>
				<east>-60.183256</east>
				<west>-60.193453</west>
				<minAltitude>0</minAltitude>
				<maxAltitude>0</maxAltitude>
			</LatLonAltBox>
		</Region>
		<ExtendedData>
			<SchemaData schemaUrl="#J_fazenda_kaiman_1_2025_12_11_08_10_39_DSSDSSSS">
				<SimpleData name="area_hectares">94.1784028401</SimpleData>
				<SimpleData name="cropType">Braquiária</SimpleData>
				<SimpleData name="fillColour">#efcb19</SimpleData>
				<SimpleData name="grazableArea_hectares">94.1784028401</SimpleData>
				<SimpleData name="pastureState">Grazing</SimpleData>
				<SimpleData name="title">KM - Pasto 05</SimpleData>
				<SimpleData name="type">paddock</SimpleData>
				<SimpleData name="vegetation"></SimpleData>
			</SchemaData>
		</ExtendedData>
		<Polygon>
			<tessellate>1</tessellate>
			<outerBoundaryIs>
				<LinearRing>
					<coordinates>
						-60.191478,-14.526632,0 -60.188758,-14.525969,0 -60.18792100000001,-14.525792,0 -60.18666,-14.525496,0 -60.185287,-14.525133,0 -60.186419,-14.52506,0 -60.186784,-14.524894,0 -60.186741,-14.524714,0 -60.18655,-14.524509,0 -60.186381,-14.524492,0 -60.185745,-14.52382,0 -60.18515200000001,-14.523698,0 -60.185008,-14.523725,0 -60.184511,-14.523212,0 -60.183958,-14.522831,0 -60.183655,-14.522742,0 -60.183373,-14.522632,0 -60.18325600000001,-14.522552,0 -60.183311,-14.522432,0 -60.183414,-14.522252,0 -60.18341300000001,-14.52206,0 -60.183389,-14.52186,0 -60.183466,-14.521649,0 -60.183552,-14.521449,0 -60.183582,-14.521281,0 -60.183724,-14.520823,0 -60.18377000000001,-14.520639,0 -60.185263,-14.515112,0 -60.185315,-14.515087,0 -60.185396,-14.515105,0 -60.185503,-14.515144,0 -60.18709400000001,-14.515577,0 -60.187325,-14.515577,0 -60.187566,-14.51554,0 -60.187807,-14.515426,0 -60.188011,-14.515317,0 -60.18825799999999,-14.515172,0 -60.18845100000001,-14.515219,0 -60.188666,-14.515265,0 -60.18882099999999,-14.515182,0 -60.18902,-14.515099,0 -60.189218,-14.51499,0 -60.189384,-14.514902,0 -60.18948,-14.514898,0 -60.189556,-14.514906,0 -60.189612,-14.514938,0 -60.189655,-14.51498,0 -60.18973299999999,-14.515073,0 -60.189785,-14.515169,0 -60.189842,-14.515262,0 -60.189883,-14.515349,0 -60.189907,-14.515455,0 -60.189911,-14.515539,0 -60.18991,-14.515767,0 -60.18991,-14.515859,0 -60.189897,-14.515909,0 -60.189828,-14.516168,0 -60.189688,-14.516695,0 -60.189735,-14.516732,0 -60.189762,-14.516752,0 -60.18987899999999,-14.516781,0 -60.18992900000001,-14.51682,0 -60.189944,-14.51686,0 -60.189967,-14.516916,0 -60.189992,-14.516968,0 -60.190061,-14.517034,0 -60.190161,-14.51708,0 -60.19024699999999,-14.517084,0 -60.190306,-14.51712,0 -60.190412,-14.517148,0 -60.19053,-14.517208,0 -60.19065899999999,-14.51727,0 -60.190738,-14.517335,0 -60.190818,-14.517363,0 -60.190928,-14.517417,0 -60.191073,-14.517505,0 -60.19119,-14.517605,0 -60.191301,-14.517646,0 -60.191383,-14.517695,0 -60.191467,-14.517755,0 -60.191575,-14.517847,0 -60.191667,-14.517917,0 -60.191751,-14.517983,0 -60.191834,-14.518031,0 -60.191919,-14.518091,0 -60.192027,-14.518173,0 -60.19214299999999,-14.518265,0 -60.192247,-14.518322,0 -60.192317,-14.518383,0 -60.19242300000001,-14.518502,0 -60.192491,-14.518606,0 -60.192557,-14.518658,0 -60.192643,-14.518728,0 -60.19275799999999,-14.518796,0 -60.19281599999999,-14.518845,0 -60.19287599999999,-14.518872,0 -60.192994,-14.518954,0 -60.193108,-14.519005,0 -60.193183,-14.518985,0 -60.193246,-14.518952,0 -60.193352,-14.518959,0 -60.19340400000001,-14.519018,0 -60.193447,-14.519062,0 -60.19345299999999,-14.519161,0 -60.191806,-14.52539,0 -60.191478,-14.526632,0 
					</coordinates>
				</LinearRing>
			</outerBoundaryIs>
		</Polygon>
	</Placemark>
	<Placemark>
		<name>bdca14f3-0357-4ccc-b675-3ef3e8cefbbc</name>
		<styleUrl>#fazenda_kaiman_1_2025_12_11_08_10_39_style</styleUrl>
		<Region>
			<LatLonAltBox>
				<north>-14.472578</north>
				<south>-14.478235</south>
				<east>-60.210739</east>
				<west>-60.214892</west>
				<minAltitude>0</minAltitude>
				<maxAltitude>0</maxAltitude>
			</LatLonAltBox>
		</Region>
		<ExtendedData>
			<SchemaData schemaUrl="#J_fazenda_kaiman_1_2025_12_11_08_10_39_DSSDSSSS">
				<SimpleData name="area_hectares">18.21</SimpleData>
				<SimpleData name="cropType">Braquiária</SimpleData>
				<SimpleData name="fillColour">#efcb19</SimpleData>
				<SimpleData name="grazableArea_hectares">18.21</SimpleData>
				<SimpleData name="pastureState">Grazing</SimpleData>
				<SimpleData name="title">KM - Pasto 10 C</SimpleData>
				<SimpleData name="type">paddock</SimpleData>
				<SimpleData name="vegetation"></SimpleData>
			</SchemaData>
		</ExtendedData>
		<Polygon>
			<tessellate>1</tessellate>
			<outerBoundaryIs>
				<LinearRing>
					<coordinates>
						-60.21426499999999,-14.478235,0 -60.21319,-14.478028,0 -60.21328500000001,-14.477453,0 -60.210739,-14.476857,0 -60.210974,-14.473078,0 -60.211014,-14.473047,0 -60.21106,-14.473027,0 -60.21115799999999,-14.473022,0 -60.211237,-14.473004,0 -60.211336,-14.472996,0 -60.21142500000001,-14.472958,0 -60.21146100000001,-14.472905,0 -60.21145499999999,-14.472859,0 -60.211522,-14.47281,0 -60.211635,-14.472814,0 -60.211705,-14.472807,0 -60.211765,-14.472787,0 -60.211839,-14.472713,0 -60.21186800000001,-14.472658,0 -60.211838,-14.472611,0 -60.21182599999999,-14.472578,0 -60.211901,-14.472578,0 -60.21198600000001,-14.472593,0 -60.212029,-14.472655,0 -60.21207100000001,-14.472749,0 -60.212115,-14.472821,0 -60.212149,-14.472911,0 -60.212172,-14.472977,0 -60.212209,-14.473025,0 -60.212206,-14.473077,0 -60.21225999999999,-14.473126,0 -60.21234,-14.473138,0 -60.212421,-14.473168,0 -60.21252,-14.473197,0 -60.212593,-14.473233,0 -60.212707,-14.473251,0 -60.212783,-14.473232,0 -60.21285,-14.473223,0 -60.21289699999999,-14.473256,0 -60.212995,-14.473278,0 -60.213088,-14.473289,0 -60.213214,-14.473322,0 -60.213292,-14.473375,0 -60.21338,-14.473444,0 -60.213434,-14.473507,0 -60.213497,-14.473555,0 -60.21358200000001,-14.473633,0 -60.213654,-14.473712,0 -60.213696,-14.473804,0 -60.21374,-14.47389,0 -60.213779,-14.473935,0 -60.21379900000001,-14.474,0 -60.21384,-14.474064,0 -60.21388,-14.474147,0 -60.213934,-14.474237,0 -60.214017,-14.474402,0 -60.2141,-14.474487,0 -60.214196,-14.474631,0 -60.214293,-14.474784,0 -60.214364,-14.474919,0 -60.214424,-14.475023,0 -60.214486,-14.475112,0 -60.21456,-14.475126,0 -60.21462,-14.47514,0 -60.214678,-14.475176,0 -60.21472200000001,-14.475224,0 -60.214742,-14.475276,0 -60.214712,-14.475317,0 -60.214667,-14.475335,0 -60.214594,-14.475349,0 -60.214527,-14.475371,0 -60.214514,-14.475423,0 -60.214537,-14.475601,0 -60.214572,-14.475713,0 -60.21461,-14.475827,0 -60.214663,-14.475878,0 -60.214723,-14.475884,0 -60.214792,-14.475882,0 -60.214856,-14.475831,0 -60.21489200000001,-14.475855,0 -60.214891,-14.475899,0 -60.214869,-14.475991,0 -60.214841,-14.47609,0 -60.214819,-14.47615,0 -60.21426499999999,-14.478235,0 
					</coordinates>
				</LinearRing>
			</outerBoundaryIs>
		</Polygon>
	</Placemark>
	<Placemark>
		<name>be45f3f6-6289-4434-a516-fec082560cf1</name>
		<styleUrl>#fazenda_kaiman_1_2025_12_11_08_10_39_style</styleUrl>
		<Region>
			<LatLonAltBox>
				<north>-14.497357</north>
				<south>-14.501723</south>
				<east>-60.212638</east>
				<west>-60.219115</west>
				<minAltitude>0</minAltitude>
				<maxAltitude>0</maxAltitude>
			</LatLonAltBox>
		</Region>
		<ExtendedData>
			<SchemaData schemaUrl="#J_fazenda_kaiman_1_2025_12_11_08_10_39_DSSDSSSS">
				<SimpleData name="area_hectares">20.49</SimpleData>
				<SimpleData name="cropType">Braquiária</SimpleData>
				<SimpleData name="fillColour">#efcb19</SimpleData>
				<SimpleData name="grazableArea_hectares">20.49</SimpleData>
				<SimpleData name="pastureState">Grazing</SimpleData>
				<SimpleData name="title">KM - Pasto 14 B</SimpleData>
				<SimpleData name="type">paddock</SimpleData>
				<SimpleData name="vegetation"></SimpleData>
			</SchemaData>
		</ExtendedData>
		<Polygon>
			<tessellate>1</tessellate>
			<outerBoundaryIs>
				<LinearRing>
					<coordinates>
						-60.214726,-14.497357,0 -60.214474,-14.497796,0 -60.212638,-14.500964,0 -60.212687,-14.501027,0 -60.213041,-14.501107,0 -60.21330700000001,-14.50119,0 -60.213583,-14.501286,0 -60.213685,-14.501369,0 -60.213923,-14.501459,0 -60.214223,-14.50155,0 -60.214464,-14.501659,0 -60.214762,-14.501709,0 -60.214993,-14.501688,0 -60.215127,-14.501648,0 -60.215352,-14.501723,0 -60.215495,-14.5017,0 -60.215682,-14.501671,0 -60.215945,-14.501671,0 -60.2162,-14.50164,0 -60.216398,-14.501606,0 -60.21655899999999,-14.501648,0 -60.21675,-14.501614,0 -60.21677400000001,-14.501492,0 -60.216806,-14.501401,0 -60.216956,-14.501354,0 -60.217112,-14.501432,0 -60.217174,-14.501523,0 -60.217375,-14.501575,0 -60.21749,-14.501518,0 -60.217648,-14.501417,0 -60.21772099999999,-14.501344,0 -60.217774,-14.501256,0 -60.217887,-14.50109,0 -60.21804299999999,-14.500957,0 -60.21819899999999,-14.500659,0 -60.21840499999999,-14.500396,0 -60.218572,-14.500168,0 -60.218789,-14.499781,0 -60.218896,-14.499656,0 -60.219022,-14.499485,0 -60.219115,-14.499319,0 -60.218981,-14.499279,0 -60.218766,-14.4992,0 -60.218476,-14.499068,0 -60.21729000000001,-14.498527,0 -60.214726,-14.497357,0 
					</coordinates>
				</LinearRing>
			</outerBoundaryIs>
		</Polygon>
	</Placemark>
	<Placemark>
		<name>be67fe03-8029-4f14-bab3-ccdf59514c8b</name>
		<styleUrl>#fazenda_kaiman_1_2025_12_11_08_10_39_style</styleUrl>
		<Region>
			<LatLonAltBox>
				<north>-14.543237</north>
				<south>-14.551642</south>
				<east>-60.194293</east>
				<west>-60.201999</west>
				<minAltitude>0</minAltitude>
				<maxAltitude>0</maxAltitude>
			</LatLonAltBox>
		</Region>
		<ExtendedData>
			<SchemaData schemaUrl="#J_fazenda_kaiman_1_2025_12_11_08_10_39_DSSDSSSS">
				<SimpleData name="area_hectares">31</SimpleData>
				<SimpleData name="cropType">Braquiária</SimpleData>
				<SimpleData name="fillColour">#31a6c5</SimpleData>
				<SimpleData name="grazableArea_hectares">31</SimpleData>
				<SimpleData name="pastureState">Grazing</SimpleData>
				<SimpleData name="title">MT - Pasto 12</SimpleData>
				<SimpleData name="type">paddock</SimpleData>
				<SimpleData name="vegetation"></SimpleData>
			</SchemaData>
		</ExtendedData>
		<Polygon>
			<tessellate>1</tessellate>
			<outerBoundaryIs>
				<LinearRing>
					<coordinates>
						-60.201999,-14.543283,0 -60.201625,-14.543341,0 -60.20123799999999,-14.543263,0 -60.200702,-14.543237,0 -60.199946,-14.543325,0 -60.199297,-14.543616,0 -60.19885099999999,-14.544031,0 -60.198583,-14.544286,0 -60.198551,-14.544551,0 -60.19861000000001,-14.544789,0 -60.19878799999999,-14.544891,0 -60.198825,-14.54501,0 -60.198817,-14.545236,0 -60.198825,-14.545405,0 -60.19889000000001,-14.545589,0 -60.198955,-14.545816,0 -60.198941,-14.545962,0 -60.198933,-14.546164,0 -60.19890899999999,-14.546351,0 -60.198982,-14.546541,0 -60.199084,-14.546772,0 -60.199184,-14.547042,0 -60.199232,-14.547227,0 -60.19926,-14.547447,0 -60.1993,-14.54758,0 -60.199335,-14.547764,0 -60.19943700000001,-14.547954,0 -60.19952500000001,-14.548085,0 -60.199051,-14.548401,0 -60.197996,-14.548749,0 -60.19762900000001,-14.54849,0 -60.197532,-14.548157,0 -60.19739799999999,-14.547913,0 -60.19725600000001,-14.54777,0 -60.197006,-14.547512,0 -60.196842,-14.547145,0 -60.196826,-14.546901,0 -60.196826,-14.546735,0 -60.196778,-14.546608,0 -60.196708,-14.546425,0 -60.19665700000001,-14.546155,0 -60.19654700000001,-14.545958,0 -60.196432,-14.545815,0 -60.196274,-14.54588,0 -60.196048,-14.545867,0 -60.19587400000001,-14.545844,0 -60.195643,-14.546654,0 -60.194293,-14.551642,0 -60.197405,-14.551454,0 -60.19733000000001,-14.551327,0 -60.19715899999999,-14.551207,0 -60.196888,-14.551098,0 -60.196716,-14.55093,0 -60.196664,-14.550691,0 -60.19666699999999,-14.550551,0 -60.196833,-14.550372,0 -60.196965,-14.550361,0 -60.197043,-14.550164,0 -60.19715,-14.550073,0 -60.19731600000001,-14.550164,0 -60.197584,-14.550187,0 -60.197767,-14.550387,0 -60.197799,-14.55053,0 -60.197936,-14.550847,0 -60.198091,-14.551067,0 -60.198166,-14.551164,0 -60.19833,-14.551312,0 -60.19829,-14.551374,0 -60.198735,-14.551356,0 -60.198808,-14.551149,0 -60.198857,-14.55092,0 -60.198892,-14.550632,0 -60.198855,-14.550474,0 -60.19876599999999,-14.550429,0 -60.19857099999999,-14.550435,0 -60.198495,-14.550279,0 -60.198404,-14.550069,0 -60.19828499999999,-14.549931,0 -60.19822800000001,-14.549708,0 -60.198207,-14.54942,0 -60.19812899999999,-14.549212,0 -60.198105,-14.549069,0 -60.198078,-14.549015,0 -60.198039,-14.548954,0 -60.199659,-14.548243,0 -60.199731,-14.548453,0 -60.199841,-14.548635,0 -60.199902,-14.548768,0 -60.200012,-14.548856,0 -60.20007099999999,-14.548983,0 -60.200093,-14.549061,0 -60.200227,-14.54923,0 -60.200307,-14.549462,0 -60.201819,-14.543947,0 -60.201999,-14.543283,0 
					</coordinates>
				</LinearRing>
			</outerBoundaryIs>
		</Polygon>
	</Placemark>
	<Placemark>
		<name>bebbc111-ff2d-43e9-b499-f07751bcb398</name>
		<styleUrl>#fazenda_kaiman_1_2025_12_11_08_10_39_style</styleUrl>
		<Region>
			<LatLonAltBox>
				<north>-14.475209</north>
				<south>-14.479837</south>
				<east>-60.202885</east>
				<west>-60.207292</west>
				<minAltitude>0</minAltitude>
				<maxAltitude>0</maxAltitude>
			</LatLonAltBox>
		</Region>
		<ExtendedData>
			<SchemaData schemaUrl="#J_fazenda_kaiman_1_2025_12_11_08_10_39_DSSDSSSS">
				<SimpleData name="area_hectares">13.41</SimpleData>
				<SimpleData name="cropType">Braquiária</SimpleData>
				<SimpleData name="fillColour">#efcb19</SimpleData>
				<SimpleData name="grazableArea_hectares">13.41</SimpleData>
				<SimpleData name="pastureState">Grazing</SimpleData>
				<SimpleData name="title">KM - Pasto 09 B</SimpleData>
				<SimpleData name="type">paddock</SimpleData>
				<SimpleData name="vegetation"></SimpleData>
			</SchemaData>
		</ExtendedData>
		<Polygon>
			<tessellate>1</tessellate>
			<outerBoundaryIs>
				<LinearRing>
					<coordinates>
						-60.207292,-14.476059,0 -60.206698,-14.47592,0 -60.206639,-14.47601,0 -60.20655099999999,-14.476049,0 -60.206468,-14.476083,0 -60.206423,-14.476118,0 -60.20635,-14.47615,0 -60.206254,-14.476155,0 -60.206165,-14.476145,0 -60.20606000000001,-14.476148,0 -60.20596,-14.476162,0 -60.205907,-14.476204,0 -60.205858,-14.476247,0 -60.205766,-14.476281,0 -60.205708,-14.476304,0 -60.205645,-14.476346,0 -60.20560400000001,-14.476425,0 -60.205602,-14.476512,0 -60.205606,-14.476562,0 -60.205541,-14.476655,0 -60.20554400000001,-14.476699,0 -60.205535,-14.476758,0 -60.205512,-14.476824,0 -60.20546400000001,-14.476856,0 -60.205413,-14.476836,0 -60.205371,-14.476862,0 -60.205331,-14.476888,0 -60.205231,-14.476917,0 -60.20510099999999,-14.47695,0 -60.205011,-14.476951,0 -60.20493299999999,-14.476943,0 -60.204877,-14.476883,0 -60.204833,-14.476777,0 -60.204864,-14.476724,0 -60.20480200000001,-14.476633,0 -60.204704,-14.476494,0 -60.20465900000001,-14.476427,0 -60.204614,-14.476365,0 -60.204651,-14.47627,0 -60.20469,-14.476157,0 -60.204721,-14.476046,0 -60.204793,-14.475988,0 -60.204856,-14.475932,0 -60.204952,-14.475875,0 -60.20503999999999,-14.475814,0 -60.20509799999999,-14.475751,0 -60.205141,-14.475726,0 -60.205051,-14.47566,0 -60.205035,-14.475584,0 -60.20500800000001,-14.475542,0 -60.204885,-14.475505,0 -60.204661,-14.475474,0 -60.204533,-14.475471,0 -60.204476,-14.475514,0 -60.204454,-14.475573,0 -60.204445,-14.475645,0 -60.204474,-14.475699,0 -60.204485,-14.475765,0 -60.204433,-14.475816,0 -60.20437900000001,-14.475848,0 -60.204386,-14.475897,0 -60.20439199999999,-14.475945,0 -60.204378,-14.475983,0 -60.204319,-14.475996,0 -60.204266,-14.475969,0 -60.20423900000001,-14.475916,0 -60.204237,-14.475844,0 -60.204278,-14.475796,0 -60.204289,-14.475722,0 -60.20419200000001,-14.475622,0 -60.20409300000001,-14.475587,0 -60.204018,-14.475518,0 -60.203946,-14.475442,0 -60.203853,-14.475365,0 -60.203823,-14.475316,0 -60.203859,-14.47528,0 -60.203874,-14.475259,0 -60.203642,-14.475209,0 -60.203529,-14.475405,0 -60.20418899999999,-14.476151,0 -60.204001,-14.476483,0 -60.204073,-14.476498,0 -60.204133,-14.476531,0 -60.204183,-14.47657,0 -60.204241,-14.476631,0 -60.204255,-14.476692,0 -60.204246,-14.476727,0 -60.20436800000001,-14.476755,0 -60.204418,-14.476771,0 -60.204446,-14.476793,0 -60.20444200000001,-14.476832,0 -60.204388,-14.47685,0 -60.204328,-14.476819,0 -60.20426100000001,-14.476794,0 -60.204207,-14.476776,0 -60.20416700000001,-14.476831,0 -60.204081,-14.476921,0 -60.204047,-14.476973,0 -60.204052,-14.477062,0 -60.204036,-14.477124,0 -60.204012,-14.477197,0 -60.203934,-14.477264,0 -60.20383200000001,-14.477267,0 -60.203784,-14.477197,0 -60.20376,-14.477114,0 -60.203789,-14.477015,0 -60.203819,-14.476921,0 -60.203867,-14.476872,0 -60.203929,-14.476875,0 -60.203971,-14.476929,0 -60.204024,-14.476929,0 -60.20398299999999,-14.476865,0 -60.203965,-14.476813,0 -60.203995,-14.476781,0 -60.204042,-14.476742,0 -60.204095,-14.476688,0 -60.204055,-14.476642,0 -60.203988,-14.476599,0 -60.203965,-14.476565,0 -60.203981,-14.476531,0 -60.204001,-14.476483,0 -60.202885,-14.479092,0 -60.20630200000001,-14.479837,0 -60.207292,-14.476059,0 
					</coordinates>
				</LinearRing>
			</outerBoundaryIs>
		</Polygon>
	</Placemark>
	<Placemark>
		<name>bebc18b9-8b5f-402b-b023-1700be6f7c5b</name>
		<styleUrl>#fazenda_kaiman_1_2025_12_11_08_10_39_style</styleUrl>
		<Region>
			<LatLonAltBox>
				<north>-14.530092</north>
				<south>-14.535395</south>
				<east>-60.191819</east>
				<west>-60.199665</west>
				<minAltitude>0</minAltitude>
				<maxAltitude>0</maxAltitude>
			</LatLonAltBox>
		</Region>
		<ExtendedData>
			<SchemaData schemaUrl="#J_fazenda_kaiman_1_2025_12_11_08_10_39_DSSDSSSS">
				<SimpleData name="area_hectares">30.38</SimpleData>
				<SimpleData name="cropType">Braquiária</SimpleData>
				<SimpleData name="fillColour">#31a6c5</SimpleData>
				<SimpleData name="grazableArea_hectares">30.38</SimpleData>
				<SimpleData name="pastureState">Grazing</SimpleData>
				<SimpleData name="title">MT - Pasto 05</SimpleData>
				<SimpleData name="type">paddock</SimpleData>
				<SimpleData name="vegetation"></SimpleData>
			</SchemaData>
		</ExtendedData>
		<Polygon>
			<tessellate>1</tessellate>
			<outerBoundaryIs>
				<LinearRing>
					<coordinates>
						-60.19966500000001,-14.531648,0 -60.198642,-14.535395,0 -60.19215700000001,-14.533669,0 -60.191819,-14.533664,0 -60.191988,-14.533565,0 -60.192219,-14.533417,0 -60.192401,-14.533225,0 -60.192525,-14.533103,0 -60.192656,-14.532755,0 -60.19268,-14.532428,0 -60.192586,-14.532335,0 -60.192546,-14.532176,0 -60.192678,-14.531917,0 -60.192683,-14.531573,0 -60.19272300000001,-14.531324,0 -60.192944,-14.531071,0 -60.192936,-14.53077,0 -60.19303300000001,-14.530617,0 -60.19313200000001,-14.530472,0 -60.19319000000001,-14.530194,0 -60.193203,-14.530092,0 -60.19680200000001,-14.530959,0 -60.19966500000001,-14.531648,0 
					</coordinates>
				</LinearRing>
			</outerBoundaryIs>
		</Polygon>
	</Placemark>
	<Placemark>
		<name>c082fc5c-9650-477f-92fc-27d20cf49f5c</name>
		<styleUrl>#fazenda_kaiman_1_2025_12_11_08_10_39_style</styleUrl>
		<Region>
			<LatLonAltBox>
				<north>-14.500963</north>
				<south>-14.507871</south>
				<east>-60.206586</east>
				<west>-60.212837</west>
				<minAltitude>0</minAltitude>
				<maxAltitude>0</maxAltitude>
			</LatLonAltBox>
		</Region>
		<ExtendedData>
			<SchemaData schemaUrl="#J_fazenda_kaiman_1_2025_12_11_08_10_39_DSSDSSSS">
				<SimpleData name="area_hectares">31.81</SimpleData>
				<SimpleData name="cropType">Braquiária</SimpleData>
				<SimpleData name="fillColour">#efcb19</SimpleData>
				<SimpleData name="grazableArea_hectares">31.81</SimpleData>
				<SimpleData name="pastureState">Grazing</SimpleData>
				<SimpleData name="title">KM - Pasto 15</SimpleData>
				<SimpleData name="type">paddock</SimpleData>
				<SimpleData name="vegetation"></SimpleData>
			</SchemaData>
		</ExtendedData>
		<Polygon>
			<tessellate>1</tessellate>
			<outerBoundaryIs>
				<LinearRing>
					<coordinates>
						-60.206586,-14.506544,0 -60.207818,-14.502049,0 -60.20900200000001,-14.502348,0 -60.209206,-14.501599,0 -60.20929,-14.501658,0 -60.209349,-14.501709,0 -60.209396,-14.50177,0 -60.209459,-14.501799,0 -60.20956,-14.501909,0 -60.209611,-14.50198,0 -60.209622,-14.502041,0 -60.209654,-14.502105,0 -60.209692,-14.502153,0 -60.209702,-14.502219,0 -60.209727,-14.502267,0 -60.20976900000001,-14.502322,0 -60.209772,-14.502391,0 -60.209767,-14.50245,0 -60.209792,-14.502485,0 -60.209853,-14.502495,0 -60.20992300000001,-14.502502,0 -60.210009,-14.502468,0 -60.210036,-14.502327,0 -60.210091,-14.502233,0 -60.210205,-14.502108,0 -60.210275,-14.502017,0 -60.21034199999999,-14.501929,0 -60.21043900000001,-14.501696,0 -60.210511,-14.501602,0 -60.210708,-14.501372,0 -60.210769,-14.501295,0 -60.210869,-14.501128,0 -60.210897,-14.501068,0 -60.210981,-14.501062,0 -60.21103999999999,-14.50105,0 -60.211094,-14.501027,0 -60.211133,-14.50099,0 -60.21119700000001,-14.500963,0 -60.211267,-14.500997,0 -60.211357,-14.501046,0 -60.211396,-14.501108,0 -60.211492,-14.501186,0 -60.211504,-14.501276,0 -60.211504,-14.501336,0 -60.211481,-14.501394,0 -60.211401,-14.501384,0 -60.21131499999999,-14.501367,0 -60.211229,-14.501369,0 -60.21112300000001,-14.501424,0 -60.21105099999999,-14.501494,0 -60.211023,-14.501573,0 -60.211028,-14.501694,0 -60.211057,-14.501795,0 -60.211113,-14.501874,0 -60.21118299999999,-14.502013,0 -60.21122,-14.50206,0 -60.211293,-14.502113,0 -60.21132900000001,-14.502171,0 -60.21133,-14.502266,0 -60.211379,-14.502382,0 -60.21146,-14.502465,0 -60.21155399999999,-14.502561,0 -60.211833,-14.502494,0 -60.21199899999999,-14.502411,0 -60.212219,-14.502359,0 -60.212423,-14.502328,0 -60.21263400000001,-14.502359,0 -60.212827,-14.502442,0 -60.212832,-14.502546,0 -60.212832,-14.502629,0 -60.21283699999999,-14.502759,0 -60.212811,-14.502946,0 -60.212687,-14.503034,0 -60.212542,-14.503112,0 -60.21228,-14.503029,0 -60.21206000000001,-14.503081,0 -60.211834,-14.503091,0 -60.211566,-14.503075,0 -60.211491,-14.503174,0 -60.211489,-14.503242,0 -60.211512,-14.503277,0 -60.211553,-14.503315,0 -60.211623,-14.503316,0 -60.211665,-14.503287,0 -60.212656,-14.503667,0 -60.212045,-14.5059,0 -60.21150699999999,-14.507871,0 -60.211428,-14.507858,0 -60.21119700000001,-14.507796,0 -60.206586,-14.506544,0 
					</coordinates>
				</LinearRing>
			</outerBoundaryIs>
		</Polygon>
	</Placemark>
	<Placemark>
		<name>c08719a9-9a14-4a2a-b26b-2d4f96e81541</name>
		<styleUrl>#fazenda_kaiman_1_2025_12_11_08_10_39_style</styleUrl>
		<Region>
			<LatLonAltBox>
				<north>-14.495174</north>
				<south>-14.49932</south>
				<east>-60.214729</east>
				<west>-60.22059</west>
				<minAltitude>0</minAltitude>
				<maxAltitude>0</maxAltitude>
			</LatLonAltBox>
		</Region>
		<ExtendedData>
			<SchemaData schemaUrl="#J_fazenda_kaiman_1_2025_12_11_08_10_39_DSSDSSSS">
				<SimpleData name="area_hectares">17.44</SimpleData>
				<SimpleData name="cropType">Braquiária</SimpleData>
				<SimpleData name="fillColour">#efcb19</SimpleData>
				<SimpleData name="grazableArea_hectares">17.44</SimpleData>
				<SimpleData name="pastureState">Grazing</SimpleData>
				<SimpleData name="title">KM - Pasto 14 A</SimpleData>
				<SimpleData name="type">paddock</SimpleData>
				<SimpleData name="vegetation"></SimpleData>
			</SchemaData>
		</ExtendedData>
		<Polygon>
			<tessellate>1</tessellate>
			<outerBoundaryIs>
				<LinearRing>
					<coordinates>
						-60.214729,-14.497357,0 -60.215957,-14.495174,0 -60.21607299999999,-14.495187,0 -60.216148,-14.495233,0 -60.216142,-14.49534,0 -60.216295,-14.495317,0 -60.216405,-14.495262,0 -60.216523,-14.495278,0 -60.21662499999999,-14.495322,0 -60.21675699999999,-14.495345,0 -60.216829,-14.495402,0 -60.21701199999999,-14.495496,0 -60.217224,-14.495451,0 -60.217506,-14.495496,0 -60.217855,-14.49554,0 -60.21805599999999,-14.495605,0 -60.21826799999999,-14.495701,0 -60.218544,-14.495696,0 -60.218742,-14.495745,0 -60.21904300000001,-14.495792,0 -60.219273,-14.495851,0 -60.219332,-14.49595,0 -60.21936500000001,-14.496106,0 -60.21933,-14.496228,0 -60.219418,-14.496267,0 -60.219523,-14.496267,0 -60.219649,-14.496215,0 -60.219665,-14.496116,0 -60.21972399999999,-14.49603,0 -60.21982300000001,-14.496018,0 -60.220113,-14.496043,0 -60.220462,-14.496155,0 -60.22059,-14.496176,0 -60.220542,-14.496368,0 -60.220523,-14.496594,0 -60.22048000000001,-14.496859,0 -60.220443,-14.496963,0 -60.22033,-14.497095,0 -60.220209,-14.497217,0 -60.22016900000001,-14.497409,0 -60.22015,-14.497604,0 -60.220014,-14.497717,0 -60.21996299999999,-14.497992,0 -60.219869,-14.498272,0 -60.219753,-14.498493,0 -60.219295,-14.499176,0 -60.219209,-14.499274,0 -60.219118,-14.49932,0 -60.219027,-14.499296,0 -60.21875099999999,-14.499194,0 -60.214729,-14.497357,0 
					</coordinates>
				</LinearRing>
			</outerBoundaryIs>
		</Polygon>
	</Placemark>
	<Placemark>
		<name>c15ed2e8-cad2-4618-b95a-0955e86566e2</name>
		<styleUrl>#fazenda_kaiman_1_2025_12_11_08_10_39_style</styleUrl>
		<Region>
			<LatLonAltBox>
				<north>-14.544916</north>
				<south>-14.552078</south>
				<east>-60.188541</east>
				<west>-60.195709</west>
				<minAltitude>0</minAltitude>
				<maxAltitude>0</maxAltitude>
			</LatLonAltBox>
		</Region>
		<ExtendedData>
			<SchemaData schemaUrl="#J_fazenda_kaiman_1_2025_12_11_08_10_39_DSSDSSSS">
				<SimpleData name="area_hectares">43.86</SimpleData>
				<SimpleData name="cropType">Braquiária</SimpleData>
				<SimpleData name="fillColour">#31a6c5</SimpleData>
				<SimpleData name="grazableArea_hectares">43.86</SimpleData>
				<SimpleData name="pastureState">Grazing</SimpleData>
				<SimpleData name="title">MT - Pasto 19</SimpleData>
				<SimpleData name="type">paddock</SimpleData>
				<SimpleData name="vegetation"></SimpleData>
			</SchemaData>
		</ExtendedData>
		<Polygon>
			<tessellate>1</tessellate>
			<outerBoundaryIs>
				<LinearRing>
					<coordinates>
						-60.1942,-14.551656,0 -60.188541,-14.552078,0 -60.19043,-14.544967,0 -60.190698,-14.545004,0 -60.19116199999999,-14.545087,0 -60.191532,-14.545121,0 -60.191919,-14.545141,0 -60.19209599999999,-14.545121,0 -60.192211,-14.545082,0 -60.192364,-14.544939,0 -60.192525,-14.544916,0 -60.19254099999999,-14.545074,0 -60.192608,-14.545193,0 -60.192798,-14.545225,0 -60.193005,-14.545209,0 -60.193147,-14.545284,0 -60.193338,-14.545292,0 -60.193468,-14.545266,0 -60.19372000000001,-14.545274,0 -60.193932,-14.545227,0 -60.19401,-14.545154,0 -60.194152,-14.545134,0 -60.19425600000001,-14.545178,0 -60.194372,-14.545313,0 -60.194576,-14.545424,0 -60.194777,-14.545549,0 -60.195002,-14.54564,0 -60.195174,-14.545798,0 -60.19533199999999,-14.54592,0 -60.19554,-14.546103,0 -60.19570900000001,-14.546133,0 -60.1942,-14.551656,0 
					</coordinates>
				</LinearRing>
			</outerBoundaryIs>
		</Polygon>
	</Placemark>
	<Placemark>
		<name>c2c210b3-3ca1-458c-97fc-0933fcc2fc40</name>
		<styleUrl>#fazenda_kaiman_1_2025_12_11_08_10_39_style</styleUrl>
		<Region>
			<LatLonAltBox>
				<north>-14.49336</north>
				<south>-14.496732</south>
				<east>-60.192753</east>
				<west>-60.195956</west>
				<minAltitude>0</minAltitude>
				<maxAltitude>0</maxAltitude>
			</LatLonAltBox>
		</Region>
		<ExtendedData>
			<SchemaData schemaUrl="#J_fazenda_kaiman_1_2025_12_11_08_10_39_DSSDSSSS">
				<SimpleData name="area_hectares">8</SimpleData>
				<SimpleData name="cropType">Braquiária</SimpleData>
				<SimpleData name="fillColour">#efcb19</SimpleData>
				<SimpleData name="grazableArea_hectares">8</SimpleData>
				<SimpleData name="pastureState">Grazing</SimpleData>
				<SimpleData name="title">KM - Pasto 07 B</SimpleData>
				<SimpleData name="type">paddock</SimpleData>
				<SimpleData name="vegetation"></SimpleData>
			</SchemaData>
		</ExtendedData>
		<Polygon>
			<tessellate>1</tessellate>
			<outerBoundaryIs>
				<LinearRing>
					<coordinates>
						-60.195956,-14.493975,0 -60.195866,-14.494351,0 -60.195611,-14.495409,0 -60.195589,-14.495441,0 -60.19454,-14.496732,0 -60.19452,-14.496611,0 -60.19442299999999,-14.496501,0 -60.194372,-14.496439,0 -60.194242,-14.496295,0 -60.19403000000001,-14.496028,0 -60.193915,-14.495915,0 -60.193735,-14.495806,0 -60.193559,-14.495715,0 -60.19334400000001,-14.495624,0 -60.193108,-14.495578,0 -60.19302999999999,-14.495648,0 -60.193,-14.495814,0 -60.192924,-14.495842,0 -60.192849,-14.495859,0 -60.19279,-14.495888,0 -60.192757,-14.495862,0 -60.192753,-14.495816,0 -60.19296,-14.495103,0 -60.193056,-14.494776,0 -60.193089,-14.49466,0 -60.19311800000001,-14.494425,0 -60.193149,-14.494178,0 -60.193206,-14.493719,0 -60.19325000000001,-14.49336,0 -60.193993,-14.493529,0 -60.19575499999999,-14.493929,0 -60.195956,-14.493975,0 
					</coordinates>
				</LinearRing>
			</outerBoundaryIs>
		</Polygon>
	</Placemark>
	<Placemark>
		<name>c2fc9a91-124d-4bed-b769-690a96dd2fca</name>
		<styleUrl>#fazenda_kaiman_1_2025_12_11_08_10_39_style</styleUrl>
		<Region>
			<LatLonAltBox>
				<north>-14.551656</north>
				<south>-14.558213</south>
				<east>-60.186888</east>
				<west>-60.1942</west>
				<minAltitude>0</minAltitude>
				<maxAltitude>0</maxAltitude>
			</LatLonAltBox>
		</Region>
		<ExtendedData>
			<SchemaData schemaUrl="#J_fazenda_kaiman_1_2025_12_11_08_10_39_DSSDSSSS">
				<SimpleData name="area_hectares">40.75</SimpleData>
				<SimpleData name="cropType">Braquiária</SimpleData>
				<SimpleData name="fillColour">#31a6c5</SimpleData>
				<SimpleData name="grazableArea_hectares">40.75</SimpleData>
				<SimpleData name="pastureState">Grazing</SimpleData>
				<SimpleData name="title">MT - Pasto 20</SimpleData>
				<SimpleData name="type">paddock</SimpleData>
				<SimpleData name="vegetation"></SimpleData>
			</SchemaData>
		</ExtendedData>
		<Polygon>
			<tessellate>1</tessellate>
			<outerBoundaryIs>
				<LinearRing>
					<coordinates>
						-60.188541,-14.552078,0 -60.186888,-14.558213,0 -60.192537,-14.557787,0 -60.1942,-14.551656,0 -60.188541,-14.552078,0 
					</coordinates>
				</LinearRing>
			</outerBoundaryIs>
		</Polygon>
	</Placemark>
	<Placemark>
		<name>c3af9653-57ae-457c-b1bb-a4ede4ea03ec</name>
		<styleUrl>#fazenda_kaiman_1_2025_12_11_08_10_39_style</styleUrl>
		<Region>
			<LatLonAltBox>
				<north>-14.482133</north>
				<south>-14.487955</south>
				<east>-60.192813</east>
				<west>-60.198735</west>
				<minAltitude>0</minAltitude>
				<maxAltitude>0</maxAltitude>
			</LatLonAltBox>
		</Region>
		<ExtendedData>
			<SchemaData schemaUrl="#J_fazenda_kaiman_1_2025_12_11_08_10_39_DSSDSSSS">
				<SimpleData name="area_hectares">19.32</SimpleData>
				<SimpleData name="cropType">Braquiária</SimpleData>
				<SimpleData name="fillColour">#efcb19</SimpleData>
				<SimpleData name="grazableArea_hectares">19.32</SimpleData>
				<SimpleData name="pastureState">Grazing</SimpleData>
				<SimpleData name="title">KM - Pasto 08 B</SimpleData>
				<SimpleData name="type">paddock</SimpleData>
				<SimpleData name="vegetation"></SimpleData>
			</SchemaData>
		</ExtendedData>
		<Polygon>
			<tessellate>1</tessellate>
			<outerBoundaryIs>
				<LinearRing>
					<coordinates>
						-60.19281299999999,-14.486641,0 -60.194045,-14.482133,0 -60.19479599999999,-14.48245,0 -60.19530000000001,-14.482917,0 -60.195713,-14.482979,0 -60.196014,-14.482798,0 -60.19625000000001,-14.483135,0 -60.196684,-14.483426,0 -60.19704899999999,-14.483416,0 -60.197392,-14.483358,0 -60.197634,-14.483265,0 -60.197956,-14.483275,0 -60.198256,-14.483478,0 -60.198535,-14.483623,0 -60.198658,-14.483769,0 -60.198735,-14.483849,0 -60.198114,-14.484733,0 -60.19802500000001,-14.484615,0 -60.198245,-14.484434,0 -60.198363,-14.484231,0 -60.19842799999999,-14.484049,0 -60.198331,-14.483867,0 -60.198004,-14.483712,0 -60.197682,-14.483686,0 -60.197671,-14.483899,0 -60.19743,-14.484106,0 -60.19725800000001,-14.484397,0 -60.19728000000001,-14.484693,0 -60.197419,-14.484979,0 -60.197559,-14.48523,0 -60.197368,-14.485291,0 -60.19722999999999,-14.485412,0 -60.197146,-14.485244,0 -60.19681300000001,-14.485015,0 -60.19655,-14.485109,0 -60.196518,-14.485504,0 -60.19633000000001,-14.485857,0 -60.196309,-14.48608,0 -60.195917,-14.486672,0 -60.19569499999999,-14.487041,0 -60.195438,-14.487378,0 -60.195561,-14.487581,0 -60.195608,-14.487955,0 -60.195235,-14.487678,0 -60.194379,-14.487308,0 -60.19281299999999,-14.486641,0 
					</coordinates>
				</LinearRing>
			</outerBoundaryIs>
		</Polygon>
	</Placemark>
	<Placemark>
		<name>c93ebdc0-98de-4a61-b4e5-9a06f212db74</name>
		<styleUrl>#fazenda_kaiman_1_2025_12_11_08_10_39_style</styleUrl>
		<Region>
			<LatLonAltBox>
				<north>-14.514628</north>
				<south>-14.524369</south>
				<east>-60.218049</east>
				<west>-60.221926</west>
				<minAltitude>0</minAltitude>
				<maxAltitude>0</maxAltitude>
			</LatLonAltBox>
		</Region>
		<ExtendedData>
			<SchemaData schemaUrl="#J_fazenda_kaiman_1_2025_12_11_08_10_39_DSSDSSSS">
				<SimpleData name="area_hectares">25.7665445605</SimpleData>
				<SimpleData name="cropType">Braquiária</SimpleData>
				<SimpleData name="fillColour">#efcb19</SimpleData>
				<SimpleData name="grazableArea_hectares">25.7665445605</SimpleData>
				<SimpleData name="pastureState">Grazing</SimpleData>
				<SimpleData name="title">KM - Pasto 25</SimpleData>
				<SimpleData name="type">paddock</SimpleData>
				<SimpleData name="vegetation"></SimpleData>
			</SchemaData>
		</ExtendedData>
		<Polygon>
			<tessellate>1</tessellate>
			<outerBoundaryIs>
				<LinearRing>
					<coordinates>
						-60.22192,-14.524369,0 -60.221765,-14.52426,0 -60.221706,-14.524174,0 -60.221711,-14.524065,0 -60.221816,-14.523868,0 -60.221867,-14.523681,0 -60.221904,-14.523564,0 -60.221926,-14.523372,0 -60.22191599999999,-14.523198,0 -60.22189700000001,-14.523069,0 -60.221792,-14.522988,0 -60.221602,-14.523006,0 -60.221494,-14.523079,0 -60.22130700000001,-14.523186,0 -60.221132,-14.523201,0 -60.220931,-14.523287,0 -60.22074600000001,-14.523375,0 -60.22062500000001,-14.523359,0 -60.220585,-14.523287,0 -60.220634,-14.523201,0 -60.22071900000001,-14.523126,0 -60.220883,-14.523014,0 -60.221009,-14.522923,0 -60.221073,-14.522796,0 -60.221172,-14.522588,0 -60.22133,-14.522383,0 -60.221459,-14.522222,0 -60.221505,-14.522105,0 -60.221432,-14.521975,0 -60.221408,-14.521767,0 -60.22142699999999,-14.521559,0 -60.221489,-14.521432,0 -60.221542,-14.521328,0 -60.22154799999999,-14.521183,0 -60.22155,-14.521089,0 -60.221594,-14.521022,0 -60.221663,-14.520961,0 -60.221718,-14.520869,0 -60.22173999999999,-14.520789,0 -60.221701,-14.520591,0 -60.221701,-14.520397,0 -60.221703,-14.520202,0 -60.221703,-14.520005,0 -60.221698,-14.519713,0 -60.22165499999999,-14.519562,0 -60.221526,-14.519375,0 -60.221489,-14.519136,0 -60.22143000000001,-14.518939,0 -60.221408,-14.518716,0 -60.221387,-14.518524,0 -60.221454,-14.518397,0 -60.221478,-14.518288,0 -60.221395,-14.518098,0 -60.221333,-14.517989,0 -60.221298,-14.517885,0 -60.221063,-14.517766,0 -60.220956,-14.517595,0 -60.220891,-14.51746,0 -60.220805,-14.517379,0 -60.220725,-14.51728,0 -60.22058,-14.517151,0 -60.220524,-14.516933,0 -60.22054000000001,-14.516754,0 -60.220572,-14.51665,0 -60.220583,-14.516543,0 -60.220582,-14.516442,0 -60.220627,-14.516336,0 -60.22074,-14.516128,0 -60.220783,-14.51607,0 -60.220809,-14.515999,0 -60.22081800000001,-14.515959,0 -60.22080099999999,-14.515891,0 -60.220774,-14.515802,0 -60.220766,-14.515688,0 -60.22076,-14.515592,0 -60.22077599999999,-14.515452,0 -60.220838,-14.515395,0 -60.220884,-14.515296,0 -60.220951,-14.515195,0 -60.22101000000001,-14.515138,0 -60.22105599999999,-14.515122,0 -60.221051,-14.515096,0 -60.221025,-14.515078,0 -60.220977,-14.51508,0 -60.22092399999999,-14.515091,0 -60.220831,-14.515106,0 -60.220764,-14.515111,0 -60.220595,-14.515137,0 -60.220478,-14.515167,0 -60.220283,-14.515222,0 -60.220153,-14.51519,0 -60.219932,-14.514984,0 -60.219946,-14.514839,0 -60.219884,-14.514746,0 -60.219776,-14.514628,0 -60.218049,-14.523425,0 -60.221035,-14.524119,0 -60.22183,-14.524343,0 -60.22192,-14.524369,0 
					</coordinates>
				</LinearRing>
			</outerBoundaryIs>
		</Polygon>
	</Placemark>
	<Placemark>
		<name>cca7d52a-ba22-4620-8343-095c12812f65</name>
		<styleUrl>#fazenda_kaiman_1_2025_12_11_08_10_39_style</styleUrl>
		<Region>
			<LatLonAltBox>
				<north>-14.491525</north>
				<south>-14.495982</south>
				<east>-60.198071</east>
				<west>-60.201479</west>
				<minAltitude>0</minAltitude>
				<maxAltitude>0</maxAltitude>
			</LatLonAltBox>
		</Region>
		<ExtendedData>
			<SchemaData schemaUrl="#J_fazenda_kaiman_1_2025_12_11_08_10_39_DSSDSSSS">
				<SimpleData name="area_hectares">13.89</SimpleData>
				<SimpleData name="cropType">Braquiária</SimpleData>
				<SimpleData name="fillColour">#efcb19</SimpleData>
				<SimpleData name="grazableArea_hectares">13.89</SimpleData>
				<SimpleData name="pastureState">Grazing</SimpleData>
				<SimpleData name="title">KM - Pasto 07 G</SimpleData>
				<SimpleData name="type">paddock</SimpleData>
				<SimpleData name="vegetation"></SimpleData>
			</SchemaData>
		</ExtendedData>
		<Polygon>
			<tessellate>1</tessellate>
			<outerBoundaryIs>
				<LinearRing>
					<coordinates>
						-60.199109,-14.491525,0 -60.201479,-14.492032,0 -60.20140900000001,-14.492322,0 -60.200564,-14.495528,0 -60.20055199999999,-14.495574,0 -60.20044699999999,-14.495982,0 -60.200364,-14.49597,0 -60.198314,-14.495623,0 -60.19807099999999,-14.495583,0 -60.198114,-14.495415,0 -60.198273,-14.494791,0 -60.198459,-14.494062,0 -60.19898100000001,-14.492025,0 -60.199109,-14.491525,0 
					</coordinates>
				</LinearRing>
			</outerBoundaryIs>
		</Polygon>
	</Placemark>
	<Placemark>
		<name>cde1876a-e3ab-4b1d-b45e-fb29fb5292ac</name>
		<styleUrl>#fazenda_kaiman_1_2025_12_11_08_10_39_style</styleUrl>
		<Region>
			<LatLonAltBox>
				<north>-14.557886</north>
				<south>-14.565926</south>
				<east>-60.162123</east>
				<west>-60.168846</west>
				<minAltitude>0</minAltitude>
				<maxAltitude>0</maxAltitude>
			</LatLonAltBox>
		</Region>
		<ExtendedData>
			<SchemaData schemaUrl="#J_fazenda_kaiman_1_2025_12_11_08_10_39_DSSDSSSS">
				<SimpleData name="area_hectares">43.07</SimpleData>
				<SimpleData name="cropType">Braquiária</SimpleData>
				<SimpleData name="fillColour">#31a6c5</SimpleData>
				<SimpleData name="grazableArea_hectares">43.07</SimpleData>
				<SimpleData name="pastureState">Grazing</SimpleData>
				<SimpleData name="title">MT - Pasto 29</SimpleData>
				<SimpleData name="type">paddock</SimpleData>
				<SimpleData name="vegetation"></SimpleData>
			</SchemaData>
		</ExtendedData>
		<Polygon>
			<tessellate>1</tessellate>
			<outerBoundaryIs>
				<LinearRing>
					<coordinates>
						-60.168846,-14.565425,0 -60.16724300000001,-14.56556,0 -60.16553699999999,-14.565676,0 -60.16356,-14.565814,0 -60.162123,-14.565926,0 -60.162399,-14.565233,0 -60.165492,-14.557965,0 -60.16584699999999,-14.557991,0 -60.166442,-14.558074,0 -60.16684399999999,-14.558074,0 -60.167345,-14.558157,0 -60.167704,-14.558084,0 -60.1682,-14.557886,0 -60.16859500000001,-14.562498,0 -60.168846,-14.565425,0 
					</coordinates>
				</LinearRing>
			</outerBoundaryIs>
		</Polygon>
	</Placemark>
	<Placemark>
		<name>d5f1978f-71b1-4f69-9844-c64f45308940</name>
		<styleUrl>#fazenda_kaiman_1_2025_12_11_08_10_39_style</styleUrl>
		<Region>
			<LatLonAltBox>
				<north>-14.507929</north>
				<south>-14.51368</south>
				<east>-60.213417</east>
				<west>-60.219333</west>
				<minAltitude>0</minAltitude>
				<maxAltitude>0</maxAltitude>
			</LatLonAltBox>
		</Region>
		<ExtendedData>
			<SchemaData schemaUrl="#J_fazenda_kaiman_1_2025_12_11_08_10_39_DSSDSSSS">
				<SimpleData name="area_hectares">20.45</SimpleData>
				<SimpleData name="cropType">Braquiária</SimpleData>
				<SimpleData name="fillColour">#f5a01b</SimpleData>
				<SimpleData name="grazableArea_hectares">20.45</SimpleData>
				<SimpleData name="pastureState">Grazing</SimpleData>
				<SimpleData name="title">KM - Pasto 20 A</SimpleData>
				<SimpleData name="type">paddock</SimpleData>
				<SimpleData name="vegetation"></SimpleData>
			</SchemaData>
		</ExtendedData>
		<Polygon>
			<tessellate>1</tessellate>
			<outerBoundaryIs>
				<LinearRing>
					<coordinates>
						-60.21341700000001,-14.513038,0 -60.214764,-14.507991,0 -60.214822,-14.507965,0 -60.21488100000001,-14.50796,0 -60.214942,-14.507934,0 -60.215011,-14.507929,0 -60.21509500000001,-14.507954,0 -60.21518799999999,-14.507998,0 -60.215233,-14.508031,0 -60.215308,-14.508078,0 -60.215415,-14.508057,0 -60.21546,-14.508002,0 -60.215506,-14.507987,0 -60.215599,-14.508022,0 -60.21565600000001,-14.508082,0 -60.215733,-14.50809,0 -60.21578,-14.508108,0 -60.215794,-14.508164,0 -60.215835,-14.508217,0 -60.215959,-14.508194,0 -60.216036,-14.508176,0 -60.216117,-14.508194,0 -60.216191,-14.508236,0 -60.21625699999999,-14.508285,0 -60.216324,-14.508328,0 -60.216391,-14.508345,0 -60.216477,-14.508348,0 -60.21653199999999,-14.50836,0 -60.216715,-14.508415,0 -60.216815,-14.508473,0 -60.216863,-14.508522,0 -60.21695199999999,-14.508573,0 -60.217069,-14.50861,0 -60.217157,-14.508622,0 -60.217343,-14.508702,0 -60.217437,-14.508719,0 -60.21758699999999,-14.508744,0 -60.21774299999999,-14.508819,0 -60.2178,-14.508836,0 -60.217884,-14.508851,0 -60.218024,-14.508905,0 -60.218073,-14.508915,0 -60.218288,-14.508981,0 -60.218421,-14.509008,0 -60.21845500000001,-14.509029,0 -60.218626,-14.509068,0 -60.218686,-14.509071,0 -60.218771,-14.509133,0 -60.218863,-14.509164,0 -60.218957,-14.509185,0 -60.219034,-14.509203,0 -60.219105,-14.509229,0 -60.219181,-14.509258,0 -60.219305,-14.509313,0 -60.219333,-14.509375,0 -60.219264,-14.509431,0 -60.219168,-14.509435,0 -60.219067,-14.50953,0 -60.218992,-14.509601,0 -60.218828,-14.509676,0 -60.21873799999999,-14.509696,0 -60.218668,-14.509754,0 -60.218583,-14.509819,0 -60.21851199999999,-14.509888,0 -60.21847,-14.509949,0 -60.218454,-14.510019,0 -60.218431,-14.510103,0 -60.218409,-14.510154,0 -60.21834500000001,-14.510173,0 -60.218251,-14.510171,0 -60.218091,-14.51022,0 -60.21801799999999,-14.510263,0 -60.217977,-14.51032,0 -60.217953,-14.510371,0 -60.217929,-14.510403,0 -60.21789699999999,-14.510464,0 -60.217825,-14.510511,0 -60.217809,-14.51057,0 -60.217868,-14.510607,0 -60.217946,-14.510611,0 -60.21798499999999,-14.510635,0 -60.217998,-14.510664,0 -60.217984,-14.510688,0 -60.217939,-14.510708,0 -60.21788599999999,-14.510716,0 -60.217832,-14.510713,0 -60.217776,-14.510717,0 -60.217752,-14.510759,0 -60.217752,-14.510792,0 -60.217695,-14.510805,0 -60.217644,-14.510778,0 -60.217593,-14.510737,0 -60.21750500000001,-14.510694,0 -60.217399,-14.51064,0 -60.217261,-14.510635,0 -60.217132,-14.510647,0 -60.217003,-14.510611,0 -60.216918,-14.510613,0 -60.216812,-14.510681,0 -60.216781,-14.510744,0 -60.216691,-14.510842,0 -60.21666400000001,-14.510873,0 -60.216645,-14.510947,0 -60.216679,-14.511002,0 -60.21673,-14.511049,0 -60.21679799999999,-14.511121,0 -60.216887,-14.51116,0 -60.21692699999999,-14.511198,0 -60.21691599999999,-14.511253,0 -60.216914,-14.511315,0 -60.21685900000001,-14.511364,0 -60.216797,-14.511415,0 -60.216759,-14.511453,0 -60.216671,-14.511531,0 -60.216635,-14.511579,0 -60.21662000000001,-14.511636,0 -60.216608,-14.511679,0 -60.21660600000001,-14.51173,0 -60.216578,-14.511793,0 -60.216572,-14.511852,0 -60.216571,-14.511896,0 -60.216567,-14.511943,0 -60.216573,-14.512011,0 -60.216544,-14.512086,0 -60.21650699999999,-14.512145,0 -60.216465,-14.512211,0 -60.216416,-14.512254,0 -60.216347,-14.512298,0 -60.216324,-14.512375,0 -60.21630399999999,-14.512435,0 -60.216297,-14.512501,0 -60.21632799999999,-14.512549,0 -60.21638899999999,-14.512592,0 -60.21642199999999,-14.512618,0 -60.21642500000001,-14.512683,0 -60.216419,-14.512754,0 -60.216394,-14.512858,0 -60.216362,-14.512912,0 -60.216309,-14.512971,0 -60.216265,-14.513055,0 -60.21622,-14.513123,0 -60.216187,-14.513188,0 -60.21618600000001,-14.513249,0 -60.216159,-14.513297,0 -60.216132,-14.513351,0 -60.216119,-14.513397,0 -60.21609999999999,-14.51344,0 -60.216072,-14.513484,0 -60.21607599999999,-14.51354,0 -60.216078,-14.51357,0 -60.21607299999999,-14.513607,0 -60.216053,-14.513644,0 -60.215996,-14.51368,0 -60.215055,-14.513446,0 -60.21359199999999,-14.513082,0 -60.21341700000001,-14.513038,0 
					</coordinates>
				</LinearRing>
			</outerBoundaryIs>
		</Polygon>
	</Placemark>
	<Placemark>
		<name>d9b78f4f-bab0-4883-89eb-15e2263b3c03</name>
		<styleUrl>#fazenda_kaiman_1_2025_12_11_08_10_39_style</styleUrl>
		<Region>
			<LatLonAltBox>
				<north>-14.485233</north>
				<south>-14.492034</south>
				<east>-60.196383</east>
				<west>-60.202383</west>
				<minAltitude>0</minAltitude>
				<maxAltitude>0</maxAltitude>
			</LatLonAltBox>
		</Region>
		<ExtendedData>
			<SchemaData schemaUrl="#J_fazenda_kaiman_1_2025_12_11_08_10_39_DSSDSSSS">
				<SimpleData name="area_hectares">24.06</SimpleData>
				<SimpleData name="cropType">Braquiária</SimpleData>
				<SimpleData name="fillColour">#efcb19</SimpleData>
				<SimpleData name="grazableArea_hectares">24.06</SimpleData>
				<SimpleData name="pastureState">Grazing</SimpleData>
				<SimpleData name="title">KM - Pasto 08</SimpleData>
				<SimpleData name="type">paddock</SimpleData>
				<SimpleData name="vegetation"></SimpleData>
			</SchemaData>
		</ExtendedData>
		<Polygon>
			<tessellate>1</tessellate>
			<outerBoundaryIs>
				<LinearRing>
					<coordinates>
						-60.202383,-14.488564,0 -60.201479,-14.492034,0 -60.199111,-14.491525,0 -60.19830200000001,-14.491352,0 -60.196699,-14.491008,0 -60.196431,-14.490952,0 -60.196383,-14.489182,0 -60.197408,-14.486207,0 -60.197442,-14.486055,0 -60.19745799999999,-14.485964,0 -60.19737900000001,-14.48589,0 -60.19730500000001,-14.48586,0 -60.197247,-14.485694,0 -60.197221,-14.485522,0 -60.19722999999999,-14.485412,0 -60.1973,-14.485318,0 -60.197446,-14.485261,0 -60.197498,-14.485233,0 -60.197573,-14.4855,0 -60.197633,-14.485714,0 -60.197595,-14.485866,0 -60.197531,-14.486117,0 -60.197375,-14.486737,0 -60.19725800000001,-14.4872,0 -60.197263,-14.487219,0 -60.197335,-14.487311,0 -60.19737400000001,-14.487361,0 -60.197444,-14.487427,0 -60.197535,-14.487513,0 -60.19762,-14.487593,0 -60.197668,-14.4876,0 -60.198244,-14.487718,0 -60.199494,-14.487972,0 -60.20049700000001,-14.488177,0 -60.202383,-14.488564,0 
					</coordinates>
				</LinearRing>
			</outerBoundaryIs>
		</Polygon>
	</Placemark>
	<Placemark>
		<name>db57d84f-7b12-43b7-a8ab-e13ede86f397</name>
		<styleUrl>#fazenda_kaiman_1_2025_12_11_08_10_39_style</styleUrl>
		<Region>
			<LatLonAltBox>
				<north>-14.53773</north>
				<south>-14.545423</south>
				<east>-60.176961</east>
				<west>-60.188097</west>
				<minAltitude>0</minAltitude>
				<maxAltitude>0</maxAltitude>
			</LatLonAltBox>
		</Region>
		<ExtendedData>
			<SchemaData schemaUrl="#J_fazenda_kaiman_1_2025_12_11_08_10_39_DSSDSSSS">
				<SimpleData name="area_hectares">42.92</SimpleData>
				<SimpleData name="cropType">Braquiária</SimpleData>
				<SimpleData name="fillColour">#31a6c5</SimpleData>
				<SimpleData name="grazableArea_hectares">42.92</SimpleData>
				<SimpleData name="pastureState">Grazing</SimpleData>
				<SimpleData name="title">MT - Pasto 08</SimpleData>
				<SimpleData name="type">paddock</SimpleData>
				<SimpleData name="vegetation"></SimpleData>
			</SchemaData>
		</ExtendedData>
		<Polygon>
			<tessellate>1</tessellate>
			<outerBoundaryIs>
				<LinearRing>
					<coordinates>
						-60.180813,-14.545423,0 -60.176961,-14.544221,0 -60.17966799999999,-14.53773,0 -60.17993500000001,-14.537815,0 -60.188097,-14.540415,0 -60.187726,-14.540458,0 -60.18733499999999,-14.540458,0 -60.186911,-14.540375,0 -60.186375,-14.540547,0 -60.185661,-14.541133,0 -60.185662,-14.541496,0 -60.18563000000001,-14.541818,0 -60.185823,-14.542077,0 -60.185855,-14.542249,0 -60.185587,-14.542332,0 -60.184944,-14.542316,0 -60.18442899999999,-14.542254,0 -60.18401,-14.541989,0 -60.18363999999999,-14.541844,0 -60.183243,-14.541849,0 -60.18282500000001,-14.541984,0 -60.182363,-14.542254,0 -60.182111,-14.542544,0 -60.18190200000001,-14.542923,0 -60.181645,-14.543115,0 -60.180899,-14.543526,0 -60.18034099999999,-14.543697,0 -60.18000299999999,-14.544008,0 -60.179612,-14.544284,0 -60.179837,-14.544606,0 -60.180073,-14.544725,0 -60.180298,-14.544844,0 -60.18057200000001,-14.544974,0 -60.180937,-14.545156,0 -60.18092599999999,-14.545301,0 -60.180813,-14.545423,0 
					</coordinates>
				</LinearRing>
			</outerBoundaryIs>
		</Polygon>
	</Placemark>
	<Placemark>
		<name>dcb1b9bc-7096-4810-9610-1c01cb2c50e8</name>
		<styleUrl>#fazenda_kaiman_1_2025_12_11_08_10_39_style</styleUrl>
		<Region>
			<LatLonAltBox>
				<north>-14.490392</north>
				<south>-14.493975</south>
				<east>-60.19325</east>
				<west>-60.196703</west>
				<minAltitude>0</minAltitude>
				<maxAltitude>0</maxAltitude>
			</LatLonAltBox>
		</Region>
		<ExtendedData>
			<SchemaData schemaUrl="#J_fazenda_kaiman_1_2025_12_11_08_10_39_DSSDSSSS">
				<SimpleData name="area_hectares">10</SimpleData>
				<SimpleData name="cropType">Braquiária</SimpleData>
				<SimpleData name="fillColour">#efcb19</SimpleData>
				<SimpleData name="grazableArea_hectares">10</SimpleData>
				<SimpleData name="pastureState">Grazing</SimpleData>
				<SimpleData name="title">KM - Pasto 07 E</SimpleData>
				<SimpleData name="type">paddock</SimpleData>
				<SimpleData name="vegetation"></SimpleData>
			</SchemaData>
		</ExtendedData>
		<Polygon>
			<tessellate>1</tessellate>
			<outerBoundaryIs>
				<LinearRing>
					<coordinates>
						-60.19670299999999,-14.491009,0 -60.193768,-14.490392,0 -60.193648,-14.491076,0 -60.193527,-14.491771,0 -60.193416,-14.492405,0 -60.19329,-14.493127,0 -60.19325000000001,-14.49336,0 -60.195956,-14.493975,0 -60.19670299999999,-14.491009,0 
					</coordinates>
				</LinearRing>
			</outerBoundaryIs>
		</Polygon>
	</Placemark>
	<Placemark>
		<name>dd2e8115-cef8-480f-bcce-f83e11266c61</name>
		<styleUrl>#fazenda_kaiman_1_2025_12_11_08_10_39_style</styleUrl>
		<Region>
			<LatLonAltBox>
				<north>-14.482382</north>
				<south>-14.488564</south>
				<east>-60.197256</east>
				<west>-60.203751</west>
				<minAltitude>0</minAltitude>
				<maxAltitude>0</maxAltitude>
			</LatLonAltBox>
		</Region>
		<ExtendedData>
			<SchemaData schemaUrl="#J_fazenda_kaiman_1_2025_12_11_08_10_39_DSSDSSSS">
				<SimpleData name="area_hectares">25.5214678232</SimpleData>
				<SimpleData name="cropType">Braquiária</SimpleData>
				<SimpleData name="fillColour">#efcb19</SimpleData>
				<SimpleData name="grazableArea_hectares">25.5214678232</SimpleData>
				<SimpleData name="pastureState">Grazing</SimpleData>
				<SimpleData name="title">KM - Pasto 08 C</SimpleData>
				<SimpleData name="type">paddock</SimpleData>
				<SimpleData name="vegetation"></SimpleData>
			</SchemaData>
		</ExtendedData>
		<Polygon>
			<tessellate>1</tessellate>
			<outerBoundaryIs>
				<LinearRing>
					<coordinates>
						-60.202383,-14.488564,0 -60.201109,-14.488301,0 -60.20147999999999,-14.488138,0 -60.201618,-14.488116,0 -60.201753,-14.488032,0 -60.201896,-14.487895,0 -60.202,-14.487767,0 -60.202174,-14.487708,0 -60.20232,-14.487558,0 -60.202493,-14.487362,0 -60.202553,-14.487242,0 -60.202506,-14.487158,0 -60.202355,-14.487133,0 -60.20216,-14.487234,0 -60.202191,-14.487318,0 -60.20211500000001,-14.487428,0 -60.201948,-14.48754,0 -60.20180200000001,-14.487529,0 -60.20164499999999,-14.487591,0 -60.201633,-14.487668,0 -60.201536,-14.487754,0 -60.201426,-14.487874,0 -60.20129599999999,-14.487915,0 -60.201213,-14.487984,0 -60.20117499999999,-14.488047,0 -60.201255,-14.488102,0 -60.201355,-14.488139,0 -60.20147999999999,-14.488137,0 -60.201295,-14.488219,0 -60.201109,-14.488302,0 -60.197619,-14.48759,0 -60.198067,-14.487384,0 -60.19826400000001,-14.487141,0 -60.198379,-14.487019,0 -60.198586,-14.487068,0 -60.198754,-14.487216,0 -60.198956,-14.487363,0 -60.199256,-14.487297,0 -60.199529,-14.487237,0 -60.199773,-14.487145,0 -60.199959,-14.487016,0 -60.20005200000001,-14.486889,0 -60.19990599999999,-14.486686,0 -60.200076,-14.486441,0 -60.200155,-14.486302,0 -60.200095,-14.486185,0 -60.199952,-14.486131,0 -60.19982099999999,-14.486083,0 -60.199809,-14.485963,0 -60.19972800000001,-14.485767,0 -60.199875,-14.48555,0 -60.200335,-14.485437,0 -60.20070900000001,-14.485302,0 -60.201015,-14.485125,0 -60.20119,-14.484842,0 -60.201248,-14.484554,0 -60.201204,-14.484323,0 -60.20102,-14.484248,0 -60.200585,-14.484297,0 -60.19997,-14.484695,0 -60.199812,-14.484822,0 -60.19957,-14.484906,0 -60.199317,-14.484952,0 -60.198671,-14.485226,0 -60.198455,-14.485418,0 -60.19828799999999,-14.485615,0 -60.198194,-14.485802,0 -60.197707,-14.486276,0 -60.197506,-14.486814,0 -60.197385,-14.487182,0 -60.19762,-14.487593,0 -60.19737400000001,-14.487361,0 -60.19725600000001,-14.487209,0 -60.197633,-14.485714,0 -60.197498,-14.485233,0 -60.197586,-14.485228,0 -60.19769699999999,-14.485228,0 -60.19783000000001,-14.485116,0 -60.197872,-14.485026,0 -60.197862,-14.484969,0 -60.197889,-14.48492,0 -60.197956,-14.484899,0 -60.19805699999999,-14.484806,0 -60.19827500000001,-14.484525,0 -60.198682,-14.483934,0 -60.198974,-14.483462,0 -60.199049,-14.483376,0 -60.199119,-14.48329,0 -60.199127,-14.483223,0 -60.19911,-14.483181,0 -60.199128,-14.483133,0 -60.19922,-14.483102,0 -60.199275,-14.483021,0 -60.19926899999999,-14.482934,0 -60.199281,-14.482885,0 -60.199321,-14.482761,0 -60.19940400000001,-14.482698,0 -60.199429,-14.482644,0 -60.199498,-14.482607,0 -60.19957099999999,-14.482505,0 -60.199578,-14.482432,0 -60.199616,-14.482382,0 -60.199727,-14.482382,0 -60.19982,-14.482403,0 -60.200157,-14.482474,0 -60.200836,-14.482616,0 -60.201665,-14.482789,0 -60.201764,-14.48281,0 -60.202434,-14.48296,0 -60.203503,-14.483198,0 -60.203751,-14.483253,0 -60.203245,-14.485208,0 -60.202383,-14.488564,0 
					</coordinates>
				</LinearRing>
			</outerBoundaryIs>
		</Polygon>
	</Placemark>
	<Placemark>
		<name>e2578e19-d0b4-47d0-a007-7a17290e97f5</name>
		<styleUrl>#fazenda_kaiman_1_2025_12_11_08_10_39_style</styleUrl>
		<Region>
			<LatLonAltBox>
				<north>-14.484801</north>
				<south>-14.494376</south>
				<east>-60.209109</east>
				<west>-60.214184</west>
				<minAltitude>0</minAltitude>
				<maxAltitude>0</maxAltitude>
			</LatLonAltBox>
		</Region>
		<ExtendedData>
			<SchemaData schemaUrl="#J_fazenda_kaiman_1_2025_12_11_08_10_39_DSSDSSSS">
				<SimpleData name="area_hectares">22.71</SimpleData>
				<SimpleData name="cropType">Braquiária</SimpleData>
				<SimpleData name="fillColour">#efcb19</SimpleData>
				<SimpleData name="grazableArea_hectares">22.71</SimpleData>
				<SimpleData name="pastureState">Grazing</SimpleData>
				<SimpleData name="title">KM - Pasto 12 D</SimpleData>
				<SimpleData name="type">paddock</SimpleData>
				<SimpleData name="vegetation"></SimpleData>
			</SchemaData>
		</ExtendedData>
		<Polygon>
			<tessellate>1</tessellate>
			<outerBoundaryIs>
				<LinearRing>
					<coordinates>
						-60.21211699999999,-14.494049,0 -60.21292199999999,-14.494275,0 -60.213011,-14.494313,0 -60.213044,-14.494335,0 -60.213093,-14.494376,0 -60.213109,-14.49435,0 -60.21306800000001,-14.494309,0 -60.21308,-14.49427,0 -60.213118,-14.494233,0 -60.21313899999999,-14.494183,0 -60.21313899999999,-14.494151,0 -60.21311,-14.494109,0 -60.21307,-14.494084,0 -60.212981,-14.494066,0 -60.212814,-14.494061,0 -60.21268100000001,-14.494037,0 -60.212575,-14.494006,0 -60.212421,-14.493962,0 -60.21233399999999,-14.49391,0 -60.212331,-14.493806,0 -60.21232400000001,-14.493669,0 -60.212301,-14.493528,0 -60.212289,-14.493345,0 -60.21227700000001,-14.493266,0 -60.212242,-14.493037,0 -60.212257,-14.492883,0 -60.21231199999999,-14.492621,0 -60.212349,-14.492434,0 -60.212404,-14.492303,0 -60.212422,-14.491994,0 -60.212453,-14.491915,0 -60.212493,-14.491858,0 -60.21253800000001,-14.49181,0 -60.212558,-14.491768,0 -60.212534,-14.49169,0 -60.212528,-14.491632,0 -60.212528,-14.49158,0 -60.212506,-14.491513,0 -60.212536,-14.491465,0 -60.212581,-14.491456,0 -60.212642,-14.49147,0 -60.212711,-14.491494,0 -60.21276799999999,-14.49149,0 -60.21280400000001,-14.491373,0 -60.212807,-14.491239,0 -60.21286,-14.491152,0 -60.212905,-14.491081,0 -60.212939,-14.490968,0 -60.212968,-14.490871,0 -60.212997,-14.490767,0 -60.213028,-14.490644,0 -60.213059,-14.490562,0 -60.213117,-14.490464,0 -60.213152,-14.490405,0 -60.213173,-14.490348,0 -60.213225,-14.490257,0 -60.213306,-14.490151,0 -60.213333,-14.490068,0 -60.21335299999999,-14.490016,0 -60.213314,-14.48995,0 -60.21335299999999,-14.48982,0 -60.213385,-14.489739,0 -60.21342,-14.489646,0 -60.21345000000001,-14.489528,0 -60.213491,-14.48931,0 -60.213508,-14.489185,0 -60.213533,-14.489027,0 -60.213576,-14.488913,0 -60.21361,-14.488779,0 -60.213611,-14.488699,0 -60.21367,-14.488597,0 -60.21371400000001,-14.488549,0 -60.213748,-14.488525,0 -60.21376300000001,-14.488446,0 -60.213792,-14.488394,0 -60.21378800000001,-14.488282,0 -60.213811,-14.488202,0 -60.213851,-14.488104,0 -60.21384800000001,-14.488007,0 -60.213838,-14.487936,0 -60.21389500000001,-14.487848,0 -60.21394400000001,-14.487748,0 -60.213992,-14.487597,0 -60.214007,-14.487549,0 -60.214053,-14.48744,0 -60.214028,-14.487366,0 -60.21400999999999,-14.487247,0 -60.214029,-14.487172,0 -60.213967,-14.487135,0 -60.213898,-14.4871,0 -60.21388099999999,-14.487041,0 -60.21391,-14.486981,0 -60.213959,-14.486898,0 -60.213985,-14.48681,0 -60.214066,-14.486709,0 -60.214114,-14.486636,0 -60.214111,-14.486522,0 -60.21408399999999,-14.486491,0 -60.21413099999999,-14.486457,0 -60.214177,-14.48642,0 -60.214184,-14.486366,0 -60.214171,-14.486322,0 -60.21406300000001,-14.486317,0 -60.21395800000001,-14.486369,0 -60.21383,-14.486412,0 -60.213685,-14.486479,0 -60.21355700000001,-14.486546,0 -60.213477,-14.486608,0 -60.21339200000001,-14.486633,0 -60.213341,-14.486608,0 -60.21333,-14.486559,0 -60.213339,-14.48652,0 -60.213295,-14.486456,0 -60.213255,-14.486383,0 -60.213231,-14.486337,0 -60.21316,-14.486309,0 -60.213083,-14.486365,0 -60.213013,-14.486421,0 -60.21297200000001,-14.48649,0 -60.212891,-14.486585,0 -60.212792,-14.486591,0 -60.212667,-14.486585,0 -60.21258399999999,-14.486526,0 -60.212536,-14.48647,0 -60.212596,-14.486401,0 -60.212622,-14.486317,0 -60.21270499999999,-14.48625,0 -60.212794,-14.48619,0 -60.21286099999999,-14.486125,0 -60.212896,-14.486029,0 -60.212923,-14.485951,0 -60.212974,-14.485879,0 -60.21301900000001,-14.485821,0 -60.213092,-14.485749,0 -60.213167,-14.485671,0 -60.21328500000001,-14.485606,0 -60.213327,-14.485578,0 -60.213374,-14.485543,0 -60.213362,-14.485499,0 -60.213395,-14.48546,0 -60.21345199999999,-14.485463,0 -60.213504,-14.485472,0 -60.213551,-14.485455,0 -60.213625,-14.485448,0 -60.21370199999999,-14.485464,0 -60.21375200000001,-14.485456,0 -60.213756,-14.485413,0 -60.212394,-14.48513,0 -60.21086999999999,-14.484801,0 -60.209849,-14.486075,0 -60.20910900000001,-14.48802,0 -60.211509,-14.488548,0 -60.21166400000001,-14.489948,0 -60.21211699999999,-14.494049,0 
					</coordinates>
				</LinearRing>
			</outerBoundaryIs>
		</Polygon>
	</Placemark>
	<Placemark>
		<name>e334b916-0b01-4ccc-b533-5cb72a164100</name>
		<styleUrl>#fazenda_kaiman_1_2025_12_11_08_10_39_style</styleUrl>
		<Region>
			<LatLonAltBox>
				<north>-14.537551</north>
				<south>-14.546388</south>
				<east>-60.170396</east>
				<west>-60.179668</west>
				<minAltitude>0</minAltitude>
				<maxAltitude>0</maxAltitude>
			</LatLonAltBox>
		</Region>
		<ExtendedData>
			<SchemaData schemaUrl="#J_fazenda_kaiman_1_2025_12_11_08_10_39_DSSDSSSS">
				<SimpleData name="area_hectares">39.88</SimpleData>
				<SimpleData name="cropType">Braquiária</SimpleData>
				<SimpleData name="fillColour">#31a6c5</SimpleData>
				<SimpleData name="grazableArea_hectares">39.88</SimpleData>
				<SimpleData name="pastureState">Grazing</SimpleData>
				<SimpleData name="title">MT - Pasto 11</SimpleData>
				<SimpleData name="type">paddock</SimpleData>
				<SimpleData name="vegetation"></SimpleData>
			</SchemaData>
		</ExtendedData>
		<Polygon>
			<tessellate>1</tessellate>
			<outerBoundaryIs>
				<LinearRing>
					<coordinates>
						-60.179159,-14.537551,0 -60.179052,-14.537679,0 -60.173195,-14.539767,0 -60.17039599999999,-14.546388,0 -60.170452,-14.546384,0 -60.174264,-14.545094,0 -60.173958,-14.545135,0 -60.173373,-14.545296,0 -60.172703,-14.545504,0 -60.172236,-14.545618,0 -60.172032,-14.545473,0 -60.17174799999999,-14.545327,0 -60.17142,-14.545156,0 -60.17131899999999,-14.544881,0 -60.171436,-14.544622,0 -60.171592,-14.544175,0 -60.171774,-14.543879,0 -60.172252,-14.543495,0 -60.172686,-14.543391,0 -60.173056,-14.543474,0 -60.173453,-14.543692,0 -60.173856,-14.544056,0 -60.174065,-14.544466,0 -60.174322,-14.544808,0 -60.174264,-14.545094,0 -60.176867,-14.544193,0 -60.176961,-14.544221,0 -60.17947599999999,-14.538204,0 -60.17966799999999,-14.53773,0 -60.179242,-14.537597,0 -60.179159,-14.537551,0 
					</coordinates>
				</LinearRing>
			</outerBoundaryIs>
		</Polygon>
	</Placemark>
	<Placemark>
		<name>e3e641a5-dbc3-4d89-bddc-bd59a8efa53c</name>
		<styleUrl>#fazenda_kaiman_1_2025_12_11_08_10_39_style</styleUrl>
		<Region>
			<LatLonAltBox>
				<north>-14.499725</north>
				<south>-14.50254</south>
				<east>-60.197172</east>
				<west>-60.201984</west>
				<minAltitude>0</minAltitude>
				<maxAltitude>0</maxAltitude>
			</LatLonAltBox>
		</Region>
		<ExtendedData>
			<SchemaData schemaUrl="#J_fazenda_kaiman_1_2025_12_11_08_10_39_DSSDSSSS">
				<SimpleData name="area_hectares">10.83</SimpleData>
				<SimpleData name="cropType">Braquiária</SimpleData>
				<SimpleData name="fillColour">#efcb19</SimpleData>
				<SimpleData name="grazableArea_hectares">10.83</SimpleData>
				<SimpleData name="pastureState">Grazing</SimpleData>
				<SimpleData name="title">KM - Pasto 02 A</SimpleData>
				<SimpleData name="type">paddock</SimpleData>
				<SimpleData name="vegetation"></SimpleData>
			</SchemaData>
		</ExtendedData>
		<Polygon>
			<tessellate>1</tessellate>
			<outerBoundaryIs>
				<LinearRing>
					<coordinates>
						-60.201984,-14.500687,0 -60.197478,-14.499725,0 -60.197172,-14.500883,0 -60.197179,-14.501147,0 -60.197188,-14.5016,0 -60.197225,-14.501697,0 -60.19726900000001,-14.501735,0 -60.19735099999999,-14.50178,0 -60.19741200000001,-14.501975,0 -60.197435,-14.502101,0 -60.197486,-14.5022,0 -60.197716,-14.502249,0 -60.197969,-14.502301,0 -60.1984,-14.50229,0 -60.198789,-14.502379,0 -60.198977,-14.502459,0 -60.199133,-14.502485,0 -60.19931,-14.502524,0 -60.199658,-14.50254,0 -60.200007,-14.502425,0 -60.200262,-14.502332,0 -60.200428,-14.502309,0 -60.200624,-14.502124,0 -60.200809,-14.501927,0 -60.200973,-14.50173,0 -60.201126,-14.501569,0 -60.201384,-14.501457,0 -60.201556,-14.501495,0 -60.201984,-14.500687,0 
					</coordinates>
				</LinearRing>
			</outerBoundaryIs>
		</Polygon>
	</Placemark>
	<Placemark>
		<name>e4ce0e05-74a1-4289-b93c-84f982c82ecf</name>
		<styleUrl>#fazenda_kaiman_1_2025_12_11_08_10_39_style</styleUrl>
		<Region>
			<LatLonAltBox>
				<north>-14.487563</north>
				<south>-14.492802</south>
				<east>-60.201586</east>
				<west>-60.206255</west>
				<minAltitude>0</minAltitude>
				<maxAltitude>0</maxAltitude>
			</LatLonAltBox>
		</Region>
		<ExtendedData>
			<SchemaData schemaUrl="#J_fazenda_kaiman_1_2025_12_11_08_10_39_DSSDSSSS">
				<SimpleData name="area_hectares">19.79</SimpleData>
				<SimpleData name="cropType">Braquiária</SimpleData>
				<SimpleData name="fillColour">#efcb19</SimpleData>
				<SimpleData name="grazableArea_hectares">19.79</SimpleData>
				<SimpleData name="pastureState">Grazing</SimpleData>
				<SimpleData name="title">KM - Pasto 12 A</SimpleData>
				<SimpleData name="type">paddock</SimpleData>
				<SimpleData name="vegetation"></SimpleData>
			</SchemaData>
		</ExtendedData>
		<Polygon>
			<tessellate>1</tessellate>
			<outerBoundaryIs>
				<LinearRing>
					<coordinates>
						-60.20625500000001,-14.48844,0 -60.20617799999999,-14.488421,0 -60.20273799999999,-14.487563,0 -60.201586,-14.492055,0 -60.20509799999999,-14.492802,0 -60.206184,-14.488708,0 -60.20625500000001,-14.48844,0 
					</coordinates>
				</LinearRing>
			</outerBoundaryIs>
		</Polygon>
	</Placemark>
	<Placemark>
		<name>e66464c2-bcbf-48c9-ae35-beb00f773fae</name>
		<styleUrl>#fazenda_kaiman_1_2025_12_11_08_10_39_style</styleUrl>
		<Region>
			<LatLonAltBox>
				<north>-14.487451</north>
				<south>-14.493306</south>
				<east>-60.205098</east>
				<west>-60.209172</west>
				<minAltitude>0</minAltitude>
				<maxAltitude>0</maxAltitude>
			</LatLonAltBox>
		</Region>
		<ExtendedData>
			<SchemaData schemaUrl="#J_fazenda_kaiman_1_2025_12_11_08_10_39_DSSDSSSS">
				<SimpleData name="area_hectares">16.59</SimpleData>
				<SimpleData name="cropType">Braquiária</SimpleData>
				<SimpleData name="fillColour">#efcb19</SimpleData>
				<SimpleData name="grazableArea_hectares">16.59</SimpleData>
				<SimpleData name="pastureState">Grazing</SimpleData>
				<SimpleData name="title">KM - Pasto 12 B</SimpleData>
				<SimpleData name="type">paddock</SimpleData>
				<SimpleData name="vegetation"></SimpleData>
			</SchemaData>
		</ExtendedData>
		<Polygon>
			<tessellate>1</tessellate>
			<outerBoundaryIs>
				<LinearRing>
					<coordinates>
						-60.209172,-14.488034,0 -60.209018,-14.488,0 -60.20651900000001,-14.487451,0 -60.20648300000001,-14.487587,0 -60.20509799999999,-14.492802,0 -60.20744200000001,-14.493306,0 -60.207704,-14.492374,0 -60.20784600000001,-14.491866,0 -60.20801299999999,-14.491272,0 -60.208122,-14.490887,0 -60.208207,-14.490656,0 -60.208368,-14.490218,0 -60.208621,-14.48953,0 -60.208872,-14.488849,0 -60.209154,-14.488083,0 -60.209172,-14.488034,0 
					</coordinates>
				</LinearRing>
			</outerBoundaryIs>
		</Polygon>
	</Placemark>
	<Placemark>
		<name>f2e82207-823f-4f99-891f-59863c157358</name>
		<styleUrl>#fazenda_kaiman_1_2025_12_11_08_10_39_style</styleUrl>
		<Region>
			<LatLonAltBox>
				<north>-14.47615</north>
				<south>-14.485413</south>
				<east>-60.212394</east>
				<west>-60.216692</west>
				<minAltitude>0</minAltitude>
				<maxAltitude>0</maxAltitude>
			</LatLonAltBox>
		</Region>
		<ExtendedData>
			<SchemaData schemaUrl="#J_fazenda_kaiman_1_2025_12_11_08_10_39_DSSDSSSS">
				<SimpleData name="area_hectares">22.94</SimpleData>
				<SimpleData name="cropType">Braquiária</SimpleData>
				<SimpleData name="fillColour">#efcb19</SimpleData>
				<SimpleData name="grazableArea_hectares">22.94</SimpleData>
				<SimpleData name="pastureState">Grazing</SimpleData>
				<SimpleData name="title">KM - Pasto 13</SimpleData>
				<SimpleData name="type">paddock</SimpleData>
				<SimpleData name="vegetation"></SimpleData>
			</SchemaData>
		</ExtendedData>
		<Polygon>
			<tessellate>1</tessellate>
			<outerBoundaryIs>
				<LinearRing>
					<coordinates>
						-60.214819,-14.47615,0 -60.21426499999999,-14.478235,0 -60.21342800000001,-14.481299,0 -60.213482,-14.4813,0 -60.2135,-14.481331,0 -60.213494,-14.481398,0 -60.213484,-14.48144,0 -60.213479,-14.48148,0 -60.21345000000001,-14.481568,0 -60.213407,-14.481621,0 -60.213384,-14.481691,0 -60.213369,-14.481755,0 -60.213348,-14.481826,0 -60.21333,-14.481863,0 -60.21328500000001,-14.481935,0 -60.21324,-14.481997,0 -60.213116,-14.482489,0 -60.212394,-14.48513,0 -60.213756,-14.485413,0 -60.213793,-14.485355,0 -60.213854,-14.485286,0 -60.21391700000001,-14.485235,0 -60.21395800000001,-14.485089,0 -60.214041,-14.484998,0 -60.21409499999999,-14.48496,0 -60.214192,-14.484935,0 -60.214253,-14.484942,0 -60.214335,-14.484948,0 -60.214412,-14.484931,0 -60.214438,-14.484868,0 -60.21447999999999,-14.484826,0 -60.214548,-14.48479,0 -60.214591,-14.484828,0 -60.214613,-14.48486,0 -60.21469700000001,-14.484821,0 -60.21477899999999,-14.484812,0 -60.214861,-14.484815,0 -60.21493799999999,-14.484809,0 -60.215004,-14.484762,0 -60.215064,-14.484692,0 -60.215119,-14.484631,0 -60.21516099999999,-14.484532,0 -60.215187,-14.484431,0 -60.215205,-14.484346,0 -60.215209,-14.484243,0 -60.215222,-14.484171,0 -60.215229,-14.484098,0 -60.21524599999999,-14.484012,0 -60.21524599999999,-14.483869,0 -60.215273,-14.483838,0 -60.21528500000001,-14.483739,0 -60.215253,-14.483617,0 -60.215229,-14.483496,0 -60.21524599999999,-14.483363,0 -60.215244,-14.483252,0 -60.215226,-14.483161,0 -60.215261,-14.483081,0 -60.21527400000001,-14.483047,0 -60.215276,-14.482979,0 -60.215265,-14.482885,0 -60.215265,-14.482811,0 -60.21525999999999,-14.482742,0 -60.21528199999999,-14.482569,0 -60.215322,-14.482401,0 -60.215394,-14.482146,0 -60.215445,-14.481889,0 -60.21549100000001,-14.481694,0 -60.215534,-14.481503,0 -60.21563299999999,-14.481262,0 -60.215746,-14.480984,0 -60.215835,-14.480717,0 -60.21588,-14.480525,0 -60.21594700000001,-14.480288,0 -60.216014,-14.480112,0 -60.215974,-14.480026,0 -60.216017,-14.479899,0 -60.216081,-14.479743,0 -60.216167,-14.479569,0 -60.216207,-14.479408,0 -60.21627899999999,-14.479351,0 -60.216281,-14.479196,0 -60.216214,-14.479058,0 -60.216209,-14.478936,0 -60.216289,-14.478866,0 -60.216423,-14.478833,0 -60.216531,-14.478726,0 -60.21659199999999,-14.478549,0 -60.216657,-14.478335,0 -60.216692,-14.478198,0 -60.21669,-14.478063,0 -60.216671,-14.47785,0 -60.216647,-14.477712,0 -60.216604,-14.47753,0 -60.216497,-14.477387,0 -60.216325,-14.477296,0 -60.216132,-14.47719,0 -60.215907,-14.477031,0 -60.215799,-14.476914,0 -60.215767,-14.476826,0 -60.21578800000001,-14.476743,0 -60.21578800000001,-14.47665,0 -60.21579300000001,-14.476585,0 -60.215729,-14.476525,0 -60.215616,-14.476491,0 -60.215544,-14.476564,0 -60.21541,-14.47659,0 -60.21534800000001,-14.476517,0 -60.21516,-14.476375,0 -60.215069,-14.476302,0 -60.214819,-14.47615,0 
					</coordinates>
				</LinearRing>
			</outerBoundaryIs>
		</Polygon>
	</Placemark>
	<Placemark>
		<name>fa082948-f60e-4f7f-9ce3-21c0006b6050</name>
		<styleUrl>#fazenda_kaiman_1_2025_12_11_08_10_39_style</styleUrl>
		<Region>
			<LatLonAltBox>
				<north>-14.535419</north>
				<south>-14.540429</south>
				<east>-60.197939</east>
				<west>-60.208224</west>
				<minAltitude>0</minAltitude>
				<maxAltitude>0</maxAltitude>
			</LatLonAltBox>
		</Region>
		<ExtendedData>
			<SchemaData schemaUrl="#J_fazenda_kaiman_1_2025_12_11_08_10_39_DSSDSSSS">
				<SimpleData name="area_hectares">32.51</SimpleData>
				<SimpleData name="cropType">Braquiária</SimpleData>
				<SimpleData name="fillColour">#31a6c5</SimpleData>
				<SimpleData name="grazableArea_hectares">32.51</SimpleData>
				<SimpleData name="pastureState">Grazing</SimpleData>
				<SimpleData name="title">MT - Pasto 02 A</SimpleData>
				<SimpleData name="type">paddock</SimpleData>
				<SimpleData name="vegetation"></SimpleData>
			</SchemaData>
		</ExtendedData>
		<Polygon>
			<tessellate>1</tessellate>
			<outerBoundaryIs>
				<LinearRing>
					<coordinates>
						-60.198724,-14.535419,0 -60.19793899999999,-14.538292,0 -60.20639800000001,-14.540429,0 -60.206485,-14.540251,0 -60.20664699999999,-14.540095,0 -60.20684799999999,-14.539779,0 -60.207047,-14.53954,0 -60.207244,-14.539277,0 -60.207408,-14.539148,0 -60.20751300000001,-14.538975,0 -60.207641,-14.538855,0 -60.207674,-14.538801,0 -60.207688,-14.538751,0 -60.207673,-14.538644,0 -60.207663,-14.538549,0 -60.207655,-14.538465,0 -60.207652,-14.538379,0 -60.20759600000001,-14.53831,0 -60.207511,-14.538221,0 -60.207514,-14.538184,0 -60.20757400000001,-14.538147,0 -60.20771400000001,-14.538149,0 -60.207792,-14.538154,0 -60.20786,-14.53809,0 -60.207893,-14.538012,0 -60.207959,-14.537986,0 -60.208069,-14.537999,0 -60.208176,-14.538012,0 -60.208224,-14.537987,0 -60.20820799999999,-14.537938,0 -60.208094,-14.537907,0 -60.208096,-14.537876,0 -60.200633,-14.535919,0 -60.198724,-14.535419,0 
					</coordinates>
				</LinearRing>
			</outerBoundaryIs>
		</Polygon>
	</Placemark>
	<Placemark>
		<name>fb6d156d-38cc-4814-8c36-462fc66130d1</name>
		<styleUrl>#fazenda_kaiman_1_2025_12_11_08_10_39_style</styleUrl>
		<Region>
			<LatLonAltBox>
				<north>-14.495582</north>
				<south>-14.500134</south>
				<east>-60.195321</east>
				<west>-60.200446</west>
				<minAltitude>0</minAltitude>
				<maxAltitude>0</maxAltitude>
			</LatLonAltBox>
		</Region>
		<ExtendedData>
			<SchemaData schemaUrl="#J_fazenda_kaiman_1_2025_12_11_08_10_39_DSSDSSSS">
				<SimpleData name="area_hectares">11.89</SimpleData>
				<SimpleData name="cropType">Braquiária</SimpleData>
				<SimpleData name="fillColour">#efcb19</SimpleData>
				<SimpleData name="grazableArea_hectares">11.89</SimpleData>
				<SimpleData name="pastureState">Grazing</SimpleData>
				<SimpleData name="title">KM - Pasto 07</SimpleData>
				<SimpleData name="type">paddock</SimpleData>
				<SimpleData name="vegetation"></SimpleData>
			</SchemaData>
		</ExtendedData>
		<Polygon>
			<tessellate>1</tessellate>
			<outerBoundaryIs>
				<LinearRing>
					<coordinates>
						-60.197397,-14.498228,0 -60.19532099999999,-14.498623,0 -60.19535,-14.498882,0 -60.195448,-14.49895,0 -60.195553,-14.49909,0 -60.195621,-14.499153,0 -60.19577699999999,-14.499319,0 -60.195829,-14.499373,0 -60.196147,-14.499437,0 -60.197477,-14.499725,0 -60.199384,-14.500134,0 -60.200446,-14.495984,0 -60.19807200000001,-14.495582,0 -60.197397,-14.498228,0 
					</coordinates>
				</LinearRing>
			</outerBoundaryIs>
		</Polygon>
	</Placemark>
	<Placemark>
		<name>ff2cbcb2-8e80-4aed-a3f9-cbaf0575fd2b</name>
		<styleUrl>#fazenda_kaiman_1_2025_12_11_08_10_39_style</styleUrl>
		<Region>
			<LatLonAltBox>
				<north>-14.484054</north>
				<south>-14.488019</south>
				<east>-60.206524</east>
				<west>-60.210869</west>
				<minAltitude>0</minAltitude>
				<maxAltitude>0</maxAltitude>
			</LatLonAltBox>
		</Region>
		<ExtendedData>
			<SchemaData schemaUrl="#J_fazenda_kaiman_1_2025_12_11_08_10_39_DSSDSSSS">
				<SimpleData name="area_hectares">12.37</SimpleData>
				<SimpleData name="cropType">Braquiária</SimpleData>
				<SimpleData name="fillColour">#efcb19</SimpleData>
				<SimpleData name="grazableArea_hectares">12.37</SimpleData>
				<SimpleData name="pastureState">Grazing</SimpleData>
				<SimpleData name="title">KM - Pasto 12 C</SimpleData>
				<SimpleData name="type">paddock</SimpleData>
				<SimpleData name="vegetation"></SimpleData>
			</SchemaData>
		</ExtendedData>
		<Polygon>
			<tessellate>1</tessellate>
			<outerBoundaryIs>
				<LinearRing>
					<coordinates>
						-60.20652399999999,-14.487432,0 -60.209102,-14.488019,0 -60.20984799999999,-14.486078,0 -60.209986,-14.485904,0 -60.210869,-14.484802,0 -60.207421,-14.484054,0 -60.20652399999999,-14.487432,0 
					</coordinates>
				</LinearRing>
			</outerBoundaryIs>
		</Polygon>
	</Placemark>
	<Placemark>
		<name>ff4721b5-dd87-4a2f-852a-ed3bae04e5f9</name>
		<styleUrl>#fazenda_kaiman_1_2025_12_11_08_10_39_style</styleUrl>
		<Region>
			<LatLonAltBox>
				<north>-14.501222</north>
				<south>-14.502348</south>
				<east>-60.208222</east>
				<west>-60.209206</west>
				<minAltitude>0</minAltitude>
				<maxAltitude>0</maxAltitude>
			</LatLonAltBox>
		</Region>
		<ExtendedData>
			<SchemaData schemaUrl="#J_fazenda_kaiman_1_2025_12_11_08_10_39_DSSDSSSS">
				<SimpleData name="area_hectares">0.89</SimpleData>
				<SimpleData name="cropType">Braquiária</SimpleData>
				<SimpleData name="fillColour">#efcb19</SimpleData>
				<SimpleData name="grazableArea_hectares">0.89</SimpleData>
				<SimpleData name="pastureState">Grazing</SimpleData>
				<SimpleData name="title">KM - Piquete 03</SimpleData>
				<SimpleData name="type">paddock</SimpleData>
				<SimpleData name="vegetation"></SimpleData>
			</SchemaData>
		</ExtendedData>
		<Polygon>
			<tessellate>1</tessellate>
			<outerBoundaryIs>
				<LinearRing>
					<coordinates>
						-60.20900200000001,-14.502348,0 -60.208591,-14.502244,0 -60.20822200000001,-14.502151,0 -60.20847500000001,-14.501222,0 -60.20903800000001,-14.501365,0 -60.20903499999999,-14.501432,0 -60.209059,-14.501502,0 -60.209206,-14.501599,0 -60.209033,-14.502235,0 -60.20900200000001,-14.502348,0 
					</coordinates>
				</LinearRing>
			</outerBoundaryIs>
		</Polygon>
	</Placemark>
	<Placemark>
		<name>ff7c0506-f212-4711-830b-395925cb5f25</name>
		<styleUrl>#fazenda_kaiman_1_2025_12_11_08_10_39_style</styleUrl>
		<Region>
			<LatLonAltBox>
				<north>-14.495531</north>
				<south>-14.500768</south>
				<east>-60.199384</east>
				<west>-60.20333</west>
				<minAltitude>0</minAltitude>
				<maxAltitude>0</maxAltitude>
			</LatLonAltBox>
		</Region>
		<ExtendedData>
			<SchemaData schemaUrl="#J_fazenda_kaiman_1_2025_12_11_08_10_39_DSSDSSSS">
				<SimpleData name="area_hectares">16.7100724585</SimpleData>
				<SimpleData name="cropType">Brachiaria humudicola</SimpleData>
				<SimpleData name="fillColour">#efcb19</SimpleData>
				<SimpleData name="grazableArea_hectares">16.7100724585</SimpleData>
				<SimpleData name="pastureState">Grazing</SimpleData>
				<SimpleData name="title">KM Pasto 1 - C</SimpleData>
				<SimpleData name="type">paddock</SimpleData>
				<SimpleData name="vegetation"></SimpleData>
			</SchemaData>
		</ExtendedData>
		<Polygon>
			<tessellate>1</tessellate>
			<outerBoundaryIs>
				<LinearRing>
					<coordinates>
						-60.20333,-14.496141,0 -60.200563,-14.495531,0 -60.199384,-14.500134,0 -60.202364,-14.500768,0 -60.20333,-14.496141,0 
					</coordinates>
				</LinearRing>
			</outerBoundaryIs>
		</Polygon>
	</Placemark>
</Document>
</kml>
